pdtn,accumulationInterval,attributeOfTile,backgroundProcess,categoryType,channelNumber,clusterIdentifier,clusteringMethod,clutterFilterIndicator,codeFigure,constantAntennaElevationAngle,constituentType,dayOfEndOfOverallTimeInterval,dayOfForecastUsedInLocalTime,DayOfModelVersion,dayOfStartOfReferencePeriod,dayOfStartOfVerificationPeriod,derivedForecast,easternLongitudeOfClusterDomain,ensembleForecastNumbers,forecastProbabilityNumber,forecastTime,generatingProcessIdentifier,hourOfEndOfOverallTimeInterval,hourOfForecastUsedInLocalTime,HourOfModelVersion,hourOfStartOfReferencePeriod,hourOfStartOfVerificationPeriod,hoursAfterDataCutoff,indicatorOfUnitForForecastTime,indicatorOfUnitForTimeIncrement,indicatorOfUnitForTimeIncrementForVerificationPeriod,indicatorOfUnitForTimeRange,indicatorOfUnitForTimeRangeForReferencePeriod,indicatorOfUnitForTimeRangeForVerificationPeriod,inputOriginatingCentre,inputProcessIdentifier,instrumentType,kindOfAdditionalArgumentsForVerificationScore,latitudeOfCentralPointInClusterDomain,lengthOfTimeRange,lengthOfTimeRangeForReferencePeriod,lengthOfTimeRangeForVerificationPeriod,localTimeMethod,longitudeOfCentralPointInClusterDomain,minuteOfEndOfOverallTimeInterval,minuteOfForecastUsedInLocalTime,MinuteOfModelVersion,minuteOfStartOfReferencePeriod,minuteOfStartOfVerificationPeriod,minutesAfterDataCutoff,modeNumber,monthOfEndOfOverallTimeInterval,monthOfForecastUsedInLocalTime,MonthOfModelVersion,monthOfStartOfReferencePeriod,monthOfStartOfVerificationPeriod,NB,NH,NL,northernLatitudeOfClusterDomain,numberOfAdditionalArgumentsForVerification,numberOfAdditionalParametersForReferencePeriod,numberOfCategories,numberOfCharacters,numberOfClusterHighResolution,numberOfClusterLowResolution,numberOfDistributionFunctionParameters,numberOfForecastsInEnsemble,numberOfForecastsInTheCluster,numberOfForecastsInVerification,numberOfForecastsUsedInLocalTime,numberOfMissingInStatisticalProcess,numberOfModeOfDistribution,numberOfPartitions,numberOfPointsUsed,numberOfRadarSitesUsed,numberOfReferencePeriodTimeRanges,numberOfSection,numberOfSpatialVicinityValues,numberOfStatisticallyProcessedFieldsForLocalTime,numberOfTimeIncrementsOfForecastsUsedInLocalTime,numberOfTimeRanges,numberOfUsedSpatialTiles,numberOfUsedTileAttributeCombinationsForTypeOfTile,numberOfUsedTileAttributes,numberOfUsedTileAttributesForTileAttributeCombination,numberOfVerificationPeriodTimeRanges,numberOfWaveDirections,numberOfWaveDirectionSequenceParameters,numberOfWaveFrequencies,numberOfWaveFrequencySequenceParameters,NV,NWPused,observationGeneratingProcessIdentifier,operatingMode,parameterCategory,parameterNumber,partitionItems,partitionNumber,partitionTable,percentileValue,perturbationNumber,polarisation,probabilityType,productDefinitionTemplateNumber,qualityControlIndicator,qualityValueAssociatedWithParameter,quantileValue,radialAngularSpacing,radiusOfClusterDomain,randomFieldNumber,rangeBinSpacing,referenceReflectivityForEchoTop,reflectivityCalibrationConstant,releaseStartDay,releaseStartHour,releaseStartMinute,releaseStartMonth,releaseStartSecond,releaseStartYear,requestedByEntity,sampleSizeOfReferencePeriod,satelliteNumber,satelliteSeries,scaledValueOfAdditionalParameterForReferencePeriod,scaledValueOfBandwidth,scaledValueOfCentralWaveNumber,scaledValueOfDistanceFromEnsembleMean,scaledValueOfDistributionFunctionParameter,scaledValueOfFirstFixedSurface,scaledValueOfFirstSize,scaledValueOfFirstWavelength,scaledValueOfLowerLimit,scaledValueOfLowerWavePeriodLimit,scaledValueOfSecondFixedSurface,scaledValueOfSecondSize,scaledValueOfSecondWavelength,scaledValueOfSpatialScale,scaledValueOfStandardDeviation,scaledValueOfTemporalScale,scaledValueOfUpperLimit,scaledValueOfUpperWavePeriodLimit,scaledValueOfWaveDirectionSequenceParameter,scaledValueOfWaveFrequencySequenceParameter,scaledValuesOfWaveDirections,scaledValuesOfWaveFrequencies,scaleFactorOfAdditionalParameterForReferencePeriod,scaleFactorOfBandwidth,scaleFactorOfCentralWaveNumber,scaleFactorOfDistanceFromEnsembleMean,scaleFactorOfDistributionFunctionParameter,scaleFactorOfFirstFixedSurface,scaleFactorOfFirstSize,scaleFactorOfFirstWavelength,scaleFactorOfLowerLimit,scaleFactorOfLowerWavePeriodLimit,scaleFactorOfSecondFixedSurface,scaleFactorOfSecondSize,scaleFactorOfSecondWavelength,scaleFactorOfSpatialScale,scaleFactorOfStandardDeviation,scaleFactorOfTemporalScale,scaleFactorOfUpperLimit,scaleFactorOfUpperWavePeriodLimit,scaleFactorOfWaveDirections,scaleFactorOfWaveDirectionSequenceParameter,scaleFactorOfWaveFrequencies,scaleFactorOfWaveFrequencySequenceParameter,scenarioOrigin,secondOfEndOfOverallTimeInterval,secondOfForecastUsedInLocalTime,SecondOfModelVersion,secondOfStartOfReferencePeriod,secondOfStartOfVerificationPeriod,section4Length,siteElevation,siteId,siteLatitude,siteLongitude,sourceSinkChemicalPhysicalProcess,southernLatitudeOfClusterDomain,spatialProcessing,spatialVicinityMissingData,spatialVicinityProcessing,spatialVicinityProcessingArgument1,spatialVicinityProcessingArgument2,spatialVicinityType,spatialVicinityValue,spatioTemporalScaleNumber,statisticalProcess,temporalVicinityProcessing,temporalVicinityTowardsFuture,temporalVicinityTowardsPast,temporalVicinityUnit,tileClassification,tileIndex,timeIncrement,timeIncrementForVerificationPeriod,totalNumberOfClusters,totalNumberOfForecastProbabilities,totalNumberOfQuantiles,totalNumberOfRandomFields,totalNumberOfSpatioTemporalScales,totalNumberOfTileAttributeCombinations,totalNumberOfTileAttributePairs,transportModelUsed,typeOfDistributionFunction,typeOfEnsembleForecast,typeOfFirstFixedSurface,typeOfGeneratingProcess,typeOfPostProcessing,typeOfReferenceDataset,typeOfReferenceDataSetForVerification,typeOfRelationToReferenceDataset,typeOfSecondFixedSurface,typeOfSizeInterval,typeOfStatisticalProcessing,typeOfStatisticalProcessingForTimeRangeForReferencePeriod,typeOfStatisticalProcessingForTimeRangeForVerificationPeriod,typeOfStatisticalProcessingOverVerticalForVerification,typeOfThresholdOperatorForVerificationScore,typeOfTile,typeOfTimeIncrement,typeOfWaveDirectionSequence,typeOfWaveFrequencySequence,typeOfWavelengthInterval,typeOfWavePeriodInterval,uuidOfDataGroup,verificationScore,wallClockInitialTimeOfExecutionDay,wallClockInitialTimeOfExecutionHour,wallClockInitialTimeOfExecutionMinute,wallClockInitialTimeOfExecutionMonth,wallClockInitialTimeOfExecutionSecond,wallClockInitialTimeOfExecutionYear,waveDirectionNumber,waveFrequencyNumber,westernLongitudeOfClusterDomain,yearOfEndOfOverallTimeInterval,yearOfForecastUsedInLocalTime,YearOfModelVersion,yearOfStartOfReferencePeriod,yearOfStartOfVerificationPeriod
0,,,1,,,,,,,,,,,,,,,,,,1,1,,,,,,1,1,,,,,,,,,,,,,,,,,,,,,1,,,,,,,,,,,,,,,,,,,,,,,,,,,,1,,,,,,,,,,,,,,1,,,,1,1,,,,,,,,1,,,,,,,,,,,,,,,,,,,,,,,,,1,,,,,1,,,,,,,,,,,,,,,,,1,,,,,1,,,,,,,,,,,,,,,,,,1,,,,,,,,,,,,,,,,,,,,,,,,,,,,,,,,,,1,1,,,,,1,,,,,,,,,,,,,,,,,,,,,,,,,,,,
1,,,1,,,,,,,,,,,,,,,,,,1,1,,,,,,1,1,,,,,,,,,,,,,,,,,,,,,1,,,,,,,,,,,,,,,,,,1,,,,,,,,,,1,,,,,,,,,,,,,,1,,,,1,1,,,,,1,,,1,,,,,,,,,,,,,,,,,,,,,,,,,1,,,,,1,,,,,,,,,,,,,,,,,1,,,,,1,,,,,,,,,,,,,,,,,,1,,,,,,,,,,,,,,,,,,,,,,,,,,,,,,,,,1,1,1,,,,,1,,,,,,,,,,,,,,,,,,,,,,,,,,,,
2,,,1,,,,,,,,,,,,,,1,,,,1,1,,,,,,1,1,,,,,,,,,,,,,,,,,,,,,1,,,,,,,,,,,,,,,,,,1,,,,,,,,,,1,,,,,,,,,,,,,,1,,,,1,1,,,,,,,,1,,,,,,,,,,,,,,,,,,,,,,,,,1,,,,,1,,,,,,,,,,,,,,,,,1,,,,,1,,,,,,,,,,,,,,,,,,1,,,,,,,,,,,,,,,,,,,,,,,,,,,,,,,,,,1,1,,,,,1,,,,,,,,,,,,,,,,,,,,,,,,,,,,
3,,,1,,,1,1,,,,,,,,,,1,1,1,,1,1,,,,,,1,1,,,,,,,,,,,,,,,,,,,,,1,,,,,,,,1,1,1,,,,,,,,1,1,,,,,,,,,1,,,,,,,,,,,,,,1,,,,1,1,,,,,,,,1,,,,,,,,,,,,,,,,,,,,,,,1,,1,,,,,1,,,,1,,,,,,,,,,,1,,1,,,,,1,,,,1,,,,,,,,,,,,,,1,,,,,,1,,,,,,,,,,,,,,,,,,1,,,,,,,,,,1,1,,,,,1,,,,,,,,,,,,,,,,,,,,,,,1,,,,,
4,,,1,,,1,1,,,,,,,,,,1,,1,,1,1,,,,,,1,1,,,,,,,,,,1,,,,,1,,,,,,1,,,,,,,,,,,,,,,1,1,,1,1,,,,,,,,,1,,,,,,,,,,,,,,1,,,,1,1,,,,,,,,1,,,,,1,,,,,,,,,,,,,,,,,,1,,1,,,,,1,,,,1,,,,,,,,,,,1,,1,,,,,1,,,,1,,,,,,,,,,,,,,1,,,,,,,,,,,,,,,,,,,,,,,,1,,,,,,,,,,1,1,,,,,1,,,,,,,,,,,,,,,,,,,,,,,,,,,,
5,,,1,,,,,,,,,,,,,,,,,1,1,1,,,,,,1,1,,,,,,,,,,,,,,,,,,,,,1,,,,,,,,,,,,,,,,,,,,,,,,,,,,1,,,,,,,,,,,,,,1,,,,1,1,,,,,,,1,1,,,,,,,,,,,,,,,,,,,,,,,,,1,,,1,,1,,,,,,1,,,,,,,,,,,1,,,1,,1,,,,,,1,,,,,,,,,,,,1,,,,,,,,,,,,,,,,,,,,,,,,,1,,,,,,,,,1,1,,,,,1,,,,,,,,,,,,,,,,,,,,,,,,,,,,
6,,,1,,,,,,,,,,,,,,,,,,1,1,,,,,,1,1,,,,,,,,,,,,,,,,,,,,,1,,,,,,,,,,,,,,,,,,,,,,,,,,,,1,,,,,,,,,,,,,,1,,,,1,1,,,,1,,,,1,,,,,,,,,,,,,,,,,,,,,,,,,1,,,,,1,,,,,,,,,,,,,,,,,1,,,,,1,,,,,,,,,,,,,,,,,,1,,,,,,,,,,,,,,,,,,,,,,,,,,,,,,,,,,1,1,,,,,1,,,,,,,,,,,,,,,,,,,,,,,,,,,,
8,,,1,,,,,,,,,1,,,,,,,,,1,1,1,,,,,1,1,1,,1,,,,,,,,1,,,,,1,,,,,1,,1,,,,,,,,,,,,,,,,,,,,1,,,,,,1,,,,1,,,,,,,,,,1,,,,1,1,,,,,,,,1,,,,,,,,,,,,,,,,,,,,,,,,,1,,,,,1,,,,,,,,,,,,,,,,,1,,,,,1,,,,,,,,,,,,,1,,,,,1,,,,,,,,,,,,,,,,,,,,,,1,,,,,,,,,,,,1,1,,,,,1,,1,,,,,,1,,,,,,,,,,,,,,,,1,,,,
9,,,1,,,,,,,,,1,,,,,,,,1,1,1,1,,,,,1,1,1,,1,,,,,,,,1,,,,,1,,,,,1,,1,,,,,,,,,,,,,,,,,,,,1,,,,,,1,,,,1,,,,,,,,,,1,,,,1,1,,,,,,,1,1,,,,,,,,,,,,,,,,,,,,,,,,,1,,,1,,1,,,,,,1,,,,,,,,,,,1,,,1,,1,,,,,,1,,,,,,,1,,,,,1,,,,,,,,,,,,,,,,,,,,,,1,,,1,,,,,,,,,1,1,,,,,1,,1,,,,,,1,,,,,,,,,,,,,,,,1,,,,
11,,,1,,,,,,,,,1,,,,,,,,,1,1,1,,,,,1,1,1,,1,,,,,,,,1,,,,,1,,,,,1,,1,,,,,,,,,,,,,,,,1,,,,1,,,,,,1,,,,1,,,,,,,,,,1,,,,1,1,,,,,1,,,1,,,,,,,,,,,,,,,,,,,,,,,,,1,,,,,1,,,,,,,,,,,,,,,,,1,,,,,1,,,,,,,,,,,,,1,,,,,1,,,,,,,,,,,,,,,,,,,,,,1,,,,,,,,,,,1,1,1,,,,,1,,1,,,,,,1,,,,,,,,,,,,,,,,1,,,,
12,,,1,,,,,,,,,1,,,,,1,,,,1,1,1,,,,,1,1,1,,1,,,,,,,,1,,,,,1,,,,,1,,1,,,,,,,,,,,,,,,,1,,,,1,,,,,,1,,,,1,,,,,,,,,,1,,,,1,1,,,,,,,,1,,,,,,,,,,,,,,,,,,,,,,,,,1,,,,,1,,,,,,,,,,,,,,,,,1,,,,,1,,,,,,,,,,,,,1,,,,,1,,,,,,,,,,,,,,,,,,,,,,1,,,,,,,,,,,,1,1,,,,,1,,1,,,,,,1,,,,,,,,,,,,,,,,1,,,,
13,,,1,,,1,1,,,,,1,,,,,1,1,1,,1,1,1,,,,,1,1,1,,1,,,,,,,,1,,,,,1,,,,,1,,1,,,,,,1,1,1,,,,,,,,1,1,,,1,,,,,,1,,,,1,,,,,,,,,,1,,,,1,1,,,,,,,,1,,,,,,,,,,,,,,,,,,,,,,,1,,1,,,,,1,,,,1,,,,,,,,,,,1,,1,,,,,1,,,,1,,,,,,,,,1,,,,,1,,,,,,1,,,,,,,,,,,,,,,,1,,1,,,,,,,,,,1,1,,,,,1,,1,,,,,,1,,,,,,,,,,,,,,,1,1,,,,
14,,,1,,,1,1,,,,,1,,,,,1,,1,,1,1,1,,,,,1,1,1,,1,,,,,,,1,1,,,,1,1,,,,,1,,1,,,,,,,,,,,,,1,1,,1,1,,,1,,,,,,1,,,,1,,,,,,,,,,1,,,,1,1,,,,,,,,1,,,,,1,,,,,,,,,,,,,,,,,,1,,1,,,,,1,,,,1,,,,,,,,,,,1,,1,,,,,1,,,,1,,,,,,,,,1,,,,,1,,,,,,,,,,,,,,,,,,,,,,1,,1,,,,,,,,,,1,1,,,,,1,,1,,,,,,1,,,,,,,,,,,,,,,,1,,,,
15,,,1,,,,,,,,,,,,,,,,,,1,1,,,,,,1,1,,,,,,,,,,,,,,,,,,,,,1,,,,,,,,,,,,,,,,,,,,,,,,,1,,,1,,,,,,,,,,,,,,1,,,,1,1,,,,,,,,1,,,,,,,,,,,,,,,,,,,,,,,,,1,,,,,1,,,,,,,,,,,,,,,,,1,,,,,1,,,,,,,,,,,,,,,,,,1,,,,,,,1,,,,,,,,1,,,,,,,,,,,,,,,,,,,1,1,,,,,1,,,,,,,,,,,,,,,,,,,,,,,,,,,,
20,1,,,,,,,1,,1,,,,,,,,,,,,,,,,,,,1,,,,,,,,,,,,,,,,,,,,,,,,,,,,,,,,,,,,,,,,,,,,,,,1,,1,,,,,,,,,,,,,,1,,,1,1,1,,,,,,,,1,1,,,1,,,1,1,1,,,,,,,,,,,,,,,,,,,,,,,,,,,,,,,,,,,,,,,,,,,,,,,,,,,,,,,,,,,,,1,1,1,1,1,,,,,,,,,,,,,,,,,,,,,,,,,,,,,,,1,,,,,,,,,,,,,,,,,,,,,,,,,,,,,,,,,
31,,,,,,,,,,,,,,,,,,,,,,,,,,,,,,,,,,,,,1,,,,,,,,,,,,,,,,,,,,1,,,,,,,,,,,,,,,,,,,,,1,,,,,,,,,,,,,,1,,1,,1,1,,,,,,,,1,,,,,,,,,,,,,,,,,,1,1,,,1,,,,,,,,,,,,,,,,,,,,,,1,,,,,,,,,,,,,,,,,,,,,,,,,,1,,,,,,,,,,,,,,,,,,,,,,,,,,,,,,,,,,,1,,,,,,,,,,,,,,,,,,,,,,,,,,,,,,,,,
32,,,1,,,,,,,,,,,,,,,,,,1,1,,,,,,1,1,,,,,,,,1,,,,,,,,,,,,,1,,,,,,,1,,,,,,,,,,,,,,,,,,,,,1,,,,,,,,,,,,,,1,,,,1,1,,,,,,,,1,,,,,,,,,,,,,,,,,,1,1,,,1,,,,,,,,,,,,,,,,,,,,,,1,,,,,,,,,,,,,,,,,,,,,,,,,,1,,,,,,,,,,,,,,,,,,,,,,,,,,,,,,,,,,,1,,,,,,,,,,,,,,,,,,,,,,,,,,,,,,,,,
33,,,1,,,,,,,,,,,,,,,,,,1,1,,,,,,1,1,,,,,,,,1,,,,,,,,,,,,,1,,,,,,,1,,,,,,,,,,,1,,,,,,,,,,1,,,,,,,,,,,,,,1,,,,1,1,,,,,1,,,1,,,,,,,,,,,,,,,,,,1,1,,,1,,,,,,,,,,,,,,,,,,,,,,1,,,,,,,,,,,,,,,,,,,,,,,,,,1,,,,,,,,,,,,,,,,,,,,,,,,,,,,,,,,,1,,1,,,,,,,,,,,,,,,,,,,,,,,,,,,,,,,,,
34,,,1,,,,,,,,,1,,,,,,,,,1,1,1,,,,,1,1,1,,1,,,,,1,,,1,,,,,1,,,,,1,,1,,,,,1,,,,,,,,,,,1,,,,1,,,,,,1,,,,1,,,,,,,,,,1,,,,1,1,,,,,1,,,1,,,,,,,,,,,,,,,,,,1,1,,,1,,,,,,,,,,,,,,,,,,,,,,1,,,,,,,,,,,,,,,,,,,,,1,,,,,1,,,,,,,,,,,,,,,,,,,,,,1,,,,,,,,,,,1,,1,,,,,,,1,,,,,,1,,,,,,,,,,,,,,,,1,,,,
35,,,,,,,,,,,,,,,,,,,,,,,,,,,,,,,,,,,,,1,,,,,,,,,,,,,,,,,,,,1,,,,,,,,,,,,,,,,,,,,,1,,,,,,,,,,,,,,1,,1,,1,1,,,,,,,,1,,1,,,,,,,,,,,,,,,,1,1,,,1,,,,,,,,,,,,,,,,,,,,,,1,,,,,,,,,,,,,,,,,,,,,,,,,,1,,,,,,,,,,,,,,,,,,,,,,,,,,,,,,,,,,,1,,,,,,,,,,,,,,,,,,,,,,,,,,,,,,,,,
40,,,1,,,,,,,,1,,,,,,,,,,1,1,,,,,,1,1,,,,,,,,,,,,,,,,,,,,,1,,,,,,,,,,,,,,,,,,,,,,,,,,,,1,,,,,,,,,,,,,,1,,,,1,1,,,,,,,,1,,,,,,,,,,,,,,,,,,,,,,,,,1,,,,,1,,,,,,,,,,,,,,,,,1,,,,,1,,,,,,,,,,,,,,,,,,1,,,,,,,,,,,,,,,,,,,,,,,,,,,,,,,,,,1,1,,,,,1,,,,,,,,,,,,,,,,,,,,,,,,,,,,
41,,,1,,,,,,,,1,,,,,,,,,,1,1,,,,,,1,1,,,,,,,,,,,,,,,,,,,,,1,,,,,,,,,,,,,,,,,,1,,,,,,,,,,1,,,,,,,,,,,,,,1,,,,1,1,,,,,1,,,1,,,,,,,,,,,,,,,,,,,,,,,,,1,,,,,1,,,,,,,,,,,,,,,,,1,,,,,1,,,,,,,,,,,,,,,,,,1,,,,,,,,,,,,,,,,,,,,,,,,,,,,,,,,,1,1,1,,,,,1,,,,,,,,,,,,,,,,,,,,,,,,,,,,
42,,,1,,,,,,,,1,1,,,,,,,,,1,1,1,,,,,1,1,1,,1,,,,,,,,1,,,,,1,,,,,1,,1,,,,,,,,,,,,,,,,,,,,1,,,,,,1,,,,1,,,,,,,,,,1,,,,1,1,,,,,,,,1,,,,,,,,,,,,,,,,,,,,,,,,,1,,,,,1,,,,,,,,,,,,,,,,,1,,,,,1,,,,,,,,,,,,,1,,,,,1,,,,,,,,,,,,,,,,,,,,,,1,,,,,,,,,,,,1,1,,,,,1,,1,,,,,,1,,,,,,,,,,,,,,,,1,,,,
43,,,1,,,,,,,,1,1,,,,,,,,,1,1,1,,,,,1,1,1,,1,,,,,,,,1,,,,,1,,,,,1,,1,,,,,,,,,,,,,,,,1,,,,1,,,,,,1,,,,1,,,,,,,,,,1,,,,1,1,,,,,1,,,1,,,,,,,,,,,,,,,,,,,,,,,,,1,,,,,1,,,,,,,,,,,,,,,,,1,,,,,1,,,,,,,,,,,,,1,,,,,1,,,,,,,,,,,,,,,,,,,,,,1,,,,,,,,,,,1,1,1,,,,,1,,1,,,,,,1,,,,,,,,,,,,,,,,1,,,,
45,,,1,,,,,,,,1,,,,,,,,,,1,1,,,,,,1,1,,,,,,,,,,,,,,,,,,,,,1,,,,,,,,,,,,,,,,,,1,,,,,,,,,,1,,,,,,,,,,,,,,1,,,,1,1,,,,,1,,,1,,,,,,,,,,,,,,,,,,,,,,,,,1,1,,,,1,1,,,,,,,,,,,,,,,,1,1,,,,1,1,,,,,,,,,,,,,,,,,1,,,,,,,,,,,,,,,,,,,,,,,,,,,,,,,,,1,1,1,,,,,1,1,,,,,,,,,,,,,,,,,,,,,,,,,,,
46,,,1,,,,,,,,1,1,,,,,,,,,1,1,1,,,,,1,1,1,,1,,,,,,,,1,,,,,1,,,,,1,,1,,,,,,,,,,,,,,,,,,,,1,,,,,,1,,,,1,,,,,,,,,,1,,,,1,1,,,,,,,,1,,,,,,,,,,,,,,,,,,,,,,,,,1,1,,,,1,1,,,,,,,,,,,,,,,,1,1,,,,1,1,,,,,,,,,,,,1,,,,,1,,,,,,,,,,,,,,,,,,,,,,1,,,,,,,,,,,,1,1,,,,,1,1,1,,,,,,1,,,,,,,,,,,,,,,,1,,,,
48,,,1,,,,,,,,1,,,,,,,,,,1,1,,,,,,1,1,,,,,,,,,,,,,,,,,,,,,1,,,,,,,,,,,,,,,,,,,,,,,,,,,,1,,,,,,,,,,,,,,1,,,,1,1,,,,,,,,1,,,,,,,,,,,,,,,,,,,,,,,,,1,1,1,,,1,1,1,,,,,,,,,,,,,,,1,1,1,,,1,1,1,,,,,,,,,,,,,,,,1,,,,,,,,,,,,,,,,,,,,,,,,,,,,,,,,,,1,1,,,,,1,1,,,,,,,,,,1,,,,,,,,,,,,,,,,,
49,,,1,,,,,,,,1,,,,,,,,,,1,1,,,,,,1,1,,,,,,,,,,,,,,,,,,,,,1,,,,,,,,,,,,,,,,,,1,,,,,,,,,,1,,,,,,,,,,,,,,1,,,,1,1,,,,,1,,,1,,,,,,,,,,,,,,,,,,,,,,,,,1,1,1,,,1,1,1,,,,,,,,,,,,,,,1,1,1,,,1,1,1,,,,,,,,,,,,,,,,1,,,,,,,,,,,,,,,,,,,,,,,,,,,,,,,,,1,1,1,,,,,1,1,,,,,,,,,,1,,,,,,,,,,,,,,,,,
50,,,1,,,,,,,,1,,,,,,,,,,1,1,,,,,,1,1,,,,,,,,,,,,,,,,,,,,,1,,,,,,,,,,,,,,,,,,,,,,,,,,,,1,,,,,,,,,,,,,,1,,,,1,1,,,,,,,,1,,,,,,,,,,,,,,,,,,,,,,,,,1,1,,,,1,1,,,,,,,,,,,,,,,,1,1,,,,1,1,,,,,,,,,,,,,,,,,1,,,,,,,,,,,,,,,,,,,,,,,,,,,,,,,,,,1,1,,,,,1,1,,,,,,,,,,,,,,,,,,,,,,,,,,,
51,,,1,1,,,,,1,,,,,,,,,,,,1,1,,,,,,1,1,,,,,,,,,,,,,,,,,,,,,1,,,,,,,,,,,,,1,,,,,,,,,,,,,,,1,,,,,,,,,,,,,,1,,,,1,1,,,,,,,,1,,,,,,,,,,,,,,,,,,,,,,,,,1,,,1,,1,,,,,,1,,,,,,,,,,,1,,,1,,1,,,,,,1,,,,,,,,,,,,1,,,,,,,,,,,,,,,,,,,,,,,,,,,,,,,,,,1,1,,,,,1,,,,,,,,,,,,,,,,,,,,,,,,,,,,
53,,,1,,,,,,,,,,,,,,,,,,1,1,,,,,,1,1,,,,,,,,,,,,,,,,,,,,,1,,,,,,,,,,,,,,,,,,,,,,,,1,,,,1,,,,,,,,,,,,,,1,,,,1,1,1,1,1,,,,,1,,,,,,,,,,,,,,,,,,,,,,,,,1,,,,,1,,,,,,,,,,,,,,,,,1,,,,,1,,,,,,,,,,,,,,,,,,1,,,,,,,,,,,,,,,,,,,,,,,,,,,,,,,,,,1,1,,,,,1,,,,,,,,,,,,,,,,,,,,,,,,,,,,
54,,,1,,,,,,,,,,,,,,,,,,1,1,,,,,,1,1,,,,,,,,,,,,,,,,,,,,,1,,,,,,,,,,,,,,,,,,1,,,,,,1,,,,1,,,,,,,,,,,,,,1,,,,1,1,1,1,1,,1,,,1,,,,,,,,,,,,,,,,,,,,,,,,,1,,,,,1,,,,,,,,,,,,,,,,,1,,,,,1,,,,,,,,,,,,,,,,,,1,,,,,,,,,,,,,,,,,,,,,,,,,,,,,,,,,1,1,1,,,,,1,,,,,,,,,,,,,,,,,,,,,,,,,,,,
55,,1,1,,,,,,,,,,,,,,,,,,1,1,,,,,,1,1,,,,,,,,,,,,,,,,,,,,,1,,,,,,,,,,,,,,,,,,,,,,,,,,,,1,,,,,1,,1,,,,,,,1,,,,1,1,,,,,,,,1,,,,,,,,,,,,,,,,,,,,,,,,,1,,,,,1,,,,,,,,,,,,,,,,,1,,,,,1,,,,,,,,,,,,,,,,,,1,,,,,,,,,,,,,,,,,,,,1,1,,,,,,,,,1,,,,1,1,,,,,1,,,,,,,,,,,,,,,,,,,,,,,,,,,,
57,,,1,,,,,,,,1,,,,,,,,,,1,1,,,,,,1,1,,,,,,,,,,,,,,,,,,,,,1,1,,,,,,,,,,,,,,,,1,,,,,,1,,,,,1,,,,,,,,,,,,,,1,,,,1,1,,,,,,,,1,,,,,,,,,,,,,,,,,,,,,,,,1,1,,,,,1,,,,,,,,,,,,,,,,1,1,,,,,1,,,,,,,,,,,,,,,,,,1,,,,,,,,,,,,,,,,,,,,,,,,,,,,,,,,1,,1,1,,,,,1,,,,,,,,,,,,,,,,,,,,,,,,,,,,
58,,,1,,,,,,,,1,,,,,,,,,,1,1,,,,,,1,1,,,,,,,,,,,,,,,,,,,,,1,1,,,,,,,,,,,,,,,,1,1,,,,,1,,,,,1,,,,,,,,,,,,,,1,,,,1,1,,,,,1,,,1,,,,,,,,,,,,,,,,,,,,,,,,1,1,,,,,1,,,,,,,,,,,,,,,,1,1,,,,,1,,,,,,,,,,,,,,,,,,1,,,,,,,,,,,,,,,,,,,,,,,,,,,,,,,,1,1,1,1,,,,,1,,,,,,,,,,,,,,,,,,,,,,,,,,,,
59,,1,1,,,,,,,,,,,,,,,,,,1,1,,,,,,1,1,,,,,,,,,,,,,,,,,,,,,1,,,,,,,,,,,,,,,,,,1,,,,,,,,,,1,,,,,1,,1,,,,,,,1,,,,1,1,,,,,1,,,1,,,,,,,,,,,,,,,,,,,,,,,,,1,,,,,1,,,,,,,,,,,,,,,,,1,,,,,1,,,,,,,,,,,,,,,,,,1,,,,,,,,,,,,,,,,,,,,1,1,,,,,,,,,1,,,1,1,1,,,,,1,,,,,,,,,,,,,,,,,,,,,,,,,,,,
60,,,1,,,,,,,,,,,1,,,,,,,1,1,,,1,,,1,1,,,,,,,,,,,,,,,,,,1,,,1,,,,1,,,,,,,,,,,,,,1,,,,,,,,,,1,,,,,,,,,,,,,,1,,,,1,1,,,,,1,,,1,,,,,,,,,,,,,,,,,,,,,,,,,1,,,,,1,,,,,,,,,,,,,,,,,1,,,,,1,,,,,,,,,,,,,,,1,,,1,,,,,,,,,,,,,,,,,,,,,,,,,,,,,,,,,1,1,1,,,,,1,,,,,,,,,,,,,,,,,,,,,,,,,,1,,
61,,,1,,,,,,,,,1,,1,,,,,,,1,1,1,,1,,,1,1,1,,1,,,,,,,,1,,,,,1,,1,,,1,,1,,1,,,,,,,,,,,,,,1,,,,1,,,,,,1,,,,1,,,,,,,,,,1,,,,1,1,,,,,1,,,1,,,,,,,,,,,,,,,,,,,,,,,,,1,,,,,1,,,,,,,,,,,,,,,,,1,,,,,1,,,,,,,,,,,,,1,,1,,,1,,,,,,,,,,,,,,,,,,,,,,1,,,,,,,,,,,1,1,1,,,,,1,,1,,,,,,1,,,,,,,,,,,,,,,,1,,1,,
62,,1,1,,,,,,,,,1,,,,,,,,,1,1,1,,,,,1,1,1,,1,,,,,,,,1,,,,,1,,,,,1,,1,,,,,,,,,,,,,,,,,,,,1,,,,,,1,,,,1,1,,1,,,,,,,1,,,,1,1,,,,,,,,1,,,,,,,,,,,,,,,,,,,,,,,,,1,,,,,1,,,,,,,,,,,,,,,,,1,,,,,1,,,,,,,,,,,,,1,,,,,1,,,,,,,,,,,,,,,,,,,,1,1,1,,,,,,,,1,,,,1,1,,,,,1,,1,,,,,,1,,,,,,,,,,,,,,,,1,,,,
63,,1,1,,,,,,,,,1,,,,,,,,,1,1,1,,,,,1,1,1,,1,,,,,,,,1,,,,,1,,,,,1,,1,,,,,,,,,,,,,,,,1,,,,1,,,,,,1,,,,1,1,,1,,,,,,,1,,,,1,1,,,,,1,,,1,,,,,,,,,,,,,,,,,,,,,,,,,1,,,,,1,,,,,,,,,,,,,,,,,1,,,,,1,,,,,,,,,,,,,1,,,,,1,,,,,,,,,,,,,,,,,,,,1,1,1,,,,,,,,1,,,1,1,1,,,,,1,,1,,,,,,1,,,,,,,,,,,,,,,,1,,,,
67,,,1,,,,,,,,1,1,,,,,,,,,1,1,1,,,,,1,1,1,,1,,,,,,,,1,,,,,1,,,,,1,1,1,,,,,,,,,,,,,,,1,,,,,1,1,,,,,1,,,,1,,,,,,,,,,1,,,,1,1,,,,,,,,1,,,,,,,,,,,,,,,,,,,,,,,,1,1,,,,,1,,,,,,,,,,,,,,,,1,1,,,,,1,,,,,,,,,,,,,1,,,,,1,,,,,,,,,,,,,,,,,,,,,,1,,,,,,,,,,1,,1,1,,,,,1,,1,,,,,,1,,,,,,,,,,,,,,,,1,,,,
68,,,1,,,,,,,,1,1,,,,,,,,,1,1,1,,,,,1,1,1,,1,,,,,,,,1,,,,,1,,,,,1,1,1,,,,,,,,,,,,,,,1,1,,,,1,1,,,,,1,,,,1,,,,,,,,,,1,,,,1,1,,,,,1,,,1,,,,,,,,,,,,,,,,,,,,,,,,1,1,,,,,1,,,,,,,,,,,,,,,,1,1,,,,,1,,,,,,,,,,,,,1,,,,,1,,,,,,,,,,,,,,,,,,,,,,1,,,,,,,,,,1,1,1,1,,,,,1,,1,,,,,,1,,,,,,,,,,,,,,,,1,,,,
70,,,1,,,,,,,,,,,,,,,,,,1,1,,,,,,1,1,,,,,,1,1,,,,,,,,,,,,,,1,,,,,,,,,,,,,,,,,,,,,,,,,,,,1,,,,,,,,,,,,,,1,,,,1,1,,,,,,,,1,,,,,,,,,,,,,,,,,,,,,,,,,1,,,,,1,,,,,,,,,,,,,,,,,1,,,,,1,,,,,,,,,,,,,,,,,,1,,,,,,,,,,,,,,,,,,,,,,,,,,,,,,,,,,1,1,1,,,,1,,,,,,,,,,,,,,,,,,,,,,,,,,,,
71,,,1,,,,,,,,,,,,,,,,,,1,1,,,,,,1,1,,,,,,1,1,,,,,,,,,,,,,,1,,,,,,,,,,,,,,,,,,1,,,,,,,,,,1,,,,,,,,,,,,,,1,,,,1,1,,,,,1,,,1,,,,,,,,,,,,,,,,,,,,,,,,,1,,,,,1,,,,,,,,,,,,,,,,,1,,,,,1,,,,,,,,,,,,,,,,,,1,,,,,,,,,,,,,,,,,,,,,,,,,,,,,,,,,1,1,1,1,,,,1,,,,,,,,,,,,,,,,,,,,,,,,,,,,
72,,,1,,,,,,,,,1,,,,,,,,,1,1,1,,,,,1,1,1,,1,,,1,1,,,,1,,,,,1,,,,,1,,1,,,,,,,,,,,,,,,,,,,,1,,,,,,1,,,,1,,,,,,,,,,1,,,,1,1,,,,,,,,1,,,,,,,,,,,,,,,,,,,,,,,,,1,,,,,1,,,,,,,,,,,,,,,,,1,,,,,1,,,,,,,,,,,,,1,,,,,1,,,,,,,,,,,,,,,,,,,,,,1,,,,,,,,,,,,1,1,1,,,,1,,1,,,,,,1,,,,,,,,,,,,,,,,1,,,,
73,,,1,,,,,,,,,1,,,,,,,,,1,1,1,,,,,1,1,1,,1,,,1,1,,,,1,,,,,1,,,,,1,,1,,,,,,,,,,,,,,,,1,,,,1,,,,,,1,,,,1,,,,,,,,,,1,,,,1,1,,,,,1,,,1,,,,,,,,,,,,,,,,,,,,,,,,,1,,,,,1,,,,,,,,,,,,,,,,,1,,,,,1,,,,,,,,,,,,,1,,,,,1,,,,,,,,,,,,,,,,,,,,,,1,,,,,,,,,,,1,1,1,1,,,,1,,1,,,,,,1,,,,,,,,,,,,,,,,1,,,,
76,,,1,,,,,,,,1,,,,,,,,,,1,1,,,,,,1,1,,,,,,,,,,,,,,,,,,,,,1,,,,,,,,,,,,,,,,,,,,,,,,,,,,1,,,,,,,,,,,,,,1,,,,1,1,,,,,,,,1,,,,,,,,,,,,,,,,,,,,,,,,,1,,,,,1,,,,,,,,,,,,,,,,,1,,,,,1,,,,,,,,,,,,,,,,,,1,,,,,1,,,,,,,,,,,,,,,,,,,,,,,,,,,,,1,1,,,,,1,,,,,,,,,,,,,,,,,,,,,,,,,,,,
77,,,1,,,,,,,,1,,,,,,,,,,1,1,,,,,,1,1,,,,,,,,,,,,,,,,,,,,,1,,,,,,,,,,,,,,,,,,1,,,,,,,,,,1,,,,,,,,,,,,,,1,,,,1,1,,,,,1,,,1,,,,,,,,,,,,,,,,,,,,,,,,,1,,,,,1,,,,,,,,,,,,,,,,,1,,,,,1,,,,,,,,,,,,,,,,,,1,,,,,1,,,,,,,,,,,,,,,,,,,,,,,,,,,,1,1,1,,,,,1,,,,,,,,,,,,,,,,,,,,,,,,,,,,
78,,,1,,,,,,,,1,1,,,,,,,,,1,1,1,,,,,1,1,1,,1,,,,,,,,1,,,,,1,,,,,1,,1,,,,,,,,,,,,,,,,,,,,1,,,,,,1,,,,1,,,,,,,,,,1,,,,1,1,,,,,,,,1,,,,,,,,,,,,,,,,,,,,,,,,,1,,,,,1,,,,,,,,,,,,,,,,,1,,,,,1,,,,,,,,,,,,,1,,,,,1,,,,,1,,,,,,,,,,,,,,,,,1,,,,,,,,,,,,1,1,,,,,1,,1,,,,,,1,,,,,,,,,,,,,,,,1,,,,
79,,,1,,,,,,,,1,1,,,,,,,,,1,1,1,,,,,1,1,1,,1,,,,,,,,1,,,,,1,,,,,1,,1,,,,,,,,,,,,,,,,1,,,,1,,,,,,1,,,,1,,,,,,,,,,1,,,,1,1,,,,,1,,,1,,,,,,,,,,,,,,,,,,,,,,,,,1,,,,,1,,,,,,,,,,,,,,,,,1,,,,,1,,,,,,,,,,,,,1,,,,,1,,,,,1,,,,,,,,,,,,,,,,,1,,,,,,,,,,,1,1,1,,,,,1,,1,,,,,,1,,,,,,,,,,,,,,,,1,,,,
80,,,1,,,,,,,,1,,,,,,,,,,1,1,,,,,,1,1,,,,,,,,,,,,,,,,,,,,,1,,,,,,,,,,,,,,,,,,,,,,,,,,,,1,,,,,,,,,,,,,,1,,,,1,1,,,,,,,,1,,,,,,,,,,,,,,,,,,,,,,,,,1,1,1,,,1,1,1,,,,,,,,,,,,,,,1,1,1,,,1,1,1,,,,,,,,,,,,,,,,1,,,,,1,,,,,,,,,,,,,,,,,,,,,,,,,,,,,1,1,,,,,1,1,,,,,,,,,,1,,,,,,,,,,,,,,,,,
81,,,1,,,,,,,,1,,,,,,,,,,1,1,,,,,,1,1,,,,,,,,,,,,,,,,,,,,,1,,,,,,,,,,,,,,,,,,1,,,,,,,,,,1,,,,,,,,,,,,,,1,,,,1,1,,,,,1,,,1,,,,,,,,,,,,,,,,,,,,,,,,,1,1,1,,,1,1,1,,,,,,,,,,,,,,,1,1,1,,,1,1,1,,,,,,,,,,,,,,,,1,,,,,1,,,,,,,,,,,,,,,,,,,,,,,,,,,,1,1,1,,,,,1,1,,,,,,,,,,1,,,,,,,,,,,,,,,,,
82,,,1,,,,,,,,1,1,,,,,,,,,1,1,1,,,,,1,1,1,,1,,,,,,,,1,,,,,1,,,,,1,,1,,,,,,,,,,,,,,,,,,,,1,,,,,,1,,,,1,,,,,,,,,,1,,,,1,1,,,,,,,,1,,,,,,,,,,,,,,,,,,,,,,,,,1,1,,,,1,1,,,,,,,,,,,,,,,,1,1,,,,1,1,,,,,,,,,,,,1,,,,,1,,,,,1,,,,,,,,,,,,,,,,,1,,,,,,,,,,,,1,1,,,,,1,1,1,,,,,,1,,,,,,,,,,,,,,,,1,,,,
84,,,1,,,,,,,,1,1,,,,,,,,,1,1,1,,,,,1,1,1,,1,,,,,,,,1,,,,,1,,,,,1,,1,,,,,,,,,,,,,,,,1,,,,1,,,,,,1,,,,1,,,,,,,,,,1,,,,1,1,,,,,1,,,1,,,,,,,,,,,,,,,,,,,,,,,,,1,1,,,,1,1,,,,,,,,,,,,,,,,1,1,,,,1,1,,,,,,,,,,,,1,,,,,1,,,,,1,,,,,,,,,,,,,,,,,1,,,,,,,,,,,1,1,1,,,,,1,1,1,,,,,,1,,,,,,,,,,,,,,,,1,,,,
85,,,1,,,,,,,,1,1,,,,,,,,,1,1,1,,,,,1,1,1,,1,,,,,,,,1,,,,,1,,,,,1,,1,,,,,,,,,,,,,,,,1,,,,1,,,,,,1,,,,1,,,,,,,,,,1,,,,1,1,,,,,1,,,1,,,,,,,,,,,,,,,,,,,,,,,,,1,1,,,,1,1,,,,,,,,,,,,,,,,1,1,,,,1,1,,,,,,,,,,,,1,,,,,1,,,,,,,,,,,,,,,,,,,,,,1,,,,,,,,,,,1,1,1,,,,,1,1,1,,,,,,1,,,,,,,,,,,,,,,,1,,,,
86,,,1,,,,,,,,,,,,,,,,,,1,1,,,,,,1,1,,,,,,,,,,,,,,,,,,,,,1,,,,,,,,,,,,,,,,,,,,,,,,,,,,1,,,,,,,,,,,,,,1,,,,1,1,,,,,,,,1,,,1,,,,,,,,,,,,,,,,,,,,,,1,,,,,1,,,,,,,,,,,,,,,,,1,,,,,1,,,,,,,,,,,,,,,,,,1,,,,,,,,,,,,,,,,,,,,,,,,,,1,,,,,,,,1,1,,,,,1,,,,,,,,,,,,,,,,,,,,,,,,,,,,
87,,,1,,,,,,,,,1,,,,,,,,,1,1,1,,,,,1,1,1,,1,,,,,,,,1,,,,,1,,,,,1,,1,,,,,,,,,,,,,,,,,,,,1,,,,,,1,,,,1,,,,,,,,,,1,,,,1,1,,,,,,,,1,,,1,,,,,,,,,,,,,,,,,,,,,,1,,,,,1,,,,,,,,,,,,,,,,,1,,,,,1,,,,,,,,,,,,,1,,,,,1,,,,,,,,,,,,,,,,,,,,,,1,,,,1,,,,,,,,1,1,,,,,1,,1,,,,,,1,,,,,,,,,,,,,,,,1,,,,
88,,,1,,,,,,,,,,1,,,,,,,,1,1,,1,,,,,1,1,,,,,,,,,,,,,1,,,1,,,,,,,1,,,,,,,,,,,,,,,,,,1,,,,,,,1,,,1,,,,,,,,,,,1,,,,1,1,,,,,,,,1,,,,,,,,,,,,,,,,,,,,,,,,,1,,,,,1,,,,,,,,,,,,,,,,,1,,,,,1,,,,,,,,,,,,,,1,,,,1,,,,,,,,,,,,,,,,,,,,,,1,,,,,,,,,,,,1,1,,,,,1,,,,,,,,,,,,,,,,,,,,,,,,,1,,,
89,,,1,,,,,,,,,,,,,,,,,,1,1,,,,,,1,1,,,,,,1,1,,,,,,,,,,,,,,1,,,,,,,,,,,,,,,,,,,,,,,,,,,,1,,,,,,,,,,,,,,1,,,,1,1,,,,,,,,1,,,1,,,,,,,,,,,,,,,,,,,,,,1,,,,,1,,,,,,,,,,,,,,,,,1,,,,,1,,,,,,,,,,,,,,,,,,1,,,,,,,,,,,,,,,,,,,,,,,,,,1,,,,,,,,1,1,1,,,,1,,,,,,,,,,,,,,,,,,,,,,,,,,,,
90,,,1,,,,,,,,,1,,,,,,,,,1,1,1,,,,,1,1,1,,1,,,1,1,,,,1,,,,,1,,,,,1,,1,,,,,,,,,,,,,,,,,,,,1,,,,,,1,,,,1,,,,,,,,,,1,,,,1,1,,,,,,,,1,,,1,,,,,,,,,,,,,,,,,,,,,,1,,,,,1,,,,,,,,,,,,,,,,,1,,,,,1,,,,,,,,,,,,,1,,,,,1,,,,,,,,,,,,,,,,,,,,,,1,,,,1,,,,,,,,1,1,1,,,,1,,1,,,,,,1,,,,,,,,,,,,,,,,1,,,,
91,,,1,1,,,,,1,,,1,,,,,,,,,1,1,1,,,,,1,1,1,,1,,,,,,,,1,,,,,1,,,,,1,,1,,,,,,,,,,,1,,,,,,,,,1,,,,,,1,,,,1,,,,,,,,,,1,,,,1,1,,,,,,,,1,,,,,,,,,,,,,,,,,,,,,,,,,1,,,1,,1,,,,,,1,,,,,,,,,,,1,,,1,,1,,,,,,1,,,,,,,1,,,,,1,,,,,,,,,,,,,,,,,,,,,,1,,,,,,,,,,,,1,1,,,,,1,,1,,,,,,1,,,,,,,,,,,,,,,,1,,,,
92,,,1,,,,,,,,,,1,,,,,,,,1,1,,1,,,,,1,1,,,,,,,,,,,,,1,,,1,,,,,,,1,,,,,,,,,,,,,,,1,,,1,,,,,,,1,,,1,,,,,,,,,,,1,,,,1,1,,,,,1,,,1,,,,,,,,,,,,,,,,,,,,,,,,,1,,,,,1,,,,,,,,,,,,,,,,,1,,,,,1,,,,,,,,,,,,,,1,,,,1,,,,,,,,,,,,,,,,,,,,,,1,,,,,,,,,,,1,1,1,,,,,1,,,,,,,,,,,,,,,,,,,,,,,,,1,,,
93,,,1,,,,,,,,,,1,,,,,,,,1,1,,1,,,,,1,1,,,,,1,1,,,,,,,1,,,1,,,,,,,1,,,,,,,,,,,,,,,,,,1,,,,,,,1,,,1,,,,,,,,,,,1,,,,1,1,,,,,,,,1,,,,,,,,,,,,,,,,,,,,,,,,,1,,,,,1,,,,,,,,,,,,,,,,,1,,,,,1,,,,,,,,,,,,,,1,,,,1,,,,,,,,,,,,,,,,,,,,,,1,,,,,,,,,,,,1,1,1,,,,1,,,,,,,,,,,,,,,,,,,,,,,,,1,,,
94,,,1,,,,,,,,,,1,,,,,,,,1,1,,1,,,,,1,1,,,,,1,1,,,,,,,1,,,1,,,,,,,1,,,,,,,,,,,,,,,1,,,1,,,,,,,1,,,1,,,,,,,,,,,1,,,,1,1,,,,,1,,,1,,,,,,,,,,,,,,,,,,,,,,,,,1,,,,,1,,,,,,,,,,,,,,,,,1,,,,,1,,,,,,,,,,,,,,1,,,,1,,,,,,,,,,,,,,,,,,,,,,1,,,,,,,,,,,1,1,1,1,,,,1,,,,,,,,,,,,,,,,,,,,,,,,,1,,,
95,,,1,,,,,,,,,,1,,,,,,,,1,1,,1,,,,,1,1,,1,,,,,,,,1,,,1,,,1,,,,,,,1,,,,,,,,,,,,,,,,,,1,,,,,,,1,,1,1,,,,,,,,,,,1,,,,1,1,,,,,,,,1,,,,,,,,,,,,,,,,,,,,,,,,,1,,,,,1,,,,,,,,,,,,,,,,,1,,,,,1,,,,,,,,,,,,,,1,,,,1,,,,,,,,,,,,,,,,,,,,,,1,,,,,,,,,,,,1,1,,,,,1,,1,,,,,,,,,,,,,,,,,,,,,,,1,,,
96,,,1,,,,,,,,,,1,,,,,,,,1,1,,1,,,,,1,1,,1,,,,,,,,1,,,1,,,1,,,,,,,1,,,,,,,,,,,,,,,1,,,1,,,,,,,1,,1,1,,,,,,,,,,,1,,,,1,1,,,,,1,,,1,,,,,,,,,,,,,,,,,,,,,,,,,1,,,,,1,,,,,,,,,,,,,,,,,1,,,,,1,,,,,,,,,,,,,,1,,,,1,,,,,,,,,,,,,,,,,,,,,,1,,,,,,,,,,,1,1,1,,,,,1,,1,,,,,,,,,,,,,,,,,,,,,,,1,,,
97,,,1,,,,,,,,,,1,,,,,,,,1,1,,1,,,,,1,1,,1,,,1,1,,,,1,,,1,,,1,,,,,,,1,,,,,,,,,,,,,,,,,,1,,,,,,,1,,1,1,,,,,,,,,,,1,,,,1,1,,,,,,,,1,,,,,,,,,,,,,,,,,,,,,,,,,1,,,,,1,,,,,,,,,,,,,,,,,1,,,,,1,,,,,,,,,,,,,,1,,,,1,,,,,,,,,,,,,,,,,,,,,,1,,,,,,,,,,,,1,1,1,,,,1,,1,,,,,,,,,,,,,,,,,,,,,,,1,,,
98,,,1,,,,,,,,,,1,,,,,,,,1,1,,1,,,,,1,1,,1,,,1,1,,,,1,,,1,,,1,,,,,,,1,,,,,,,,,,,,,,,1,,,1,,,,,,,1,,1,1,,,,,,,,,,,1,,,,1,1,,,,,1,,,1,,,,,,,,,,,,,,,,,,,,,,,,,1,,,,,1,,,,,,,,,,,,,,,,,1,,,,,1,,,,,,,,,,,,,,1,,,,1,,,,,,,,,,,,,,,,,,,,,,1,,,,,,,,,,,1,1,1,1,,,,1,,1,,,,,,,,,,,,,,,,,,,,,,,1,,,
99,,,1,,,,,,,,,,,,,,,,,,1,1,,,,,,1,1,,,,,,,,,,,,,,,,,,,,,1,,,,,,,,,,,,,,,,,,,,,,,,,,,,1,,,,,,,,,,1,,1,,1,,,,1,1,,,,,,,,1,,,,,,,,,,,,,,,,,,,,,,,,,,,,,,,,,,,,,,,,1,1,,,,,,,,,,,,,,,,,,,1,,1,,,,,,,,1,,,,,,,,,,,,,,,,,,,,,,,,,,,,,,,,,,,1,,,,,,,,,,,,,,,,,,,,,,,,,,1,1,,,,,,
100,,,1,,,,,,,,,,,,,,,,,,1,1,,,,,,1,1,,,,,,,,,,,,,,,,,,,,,1,,,,,,,,,,,,,,,,,,1,,,,,,,,,,1,,,,,,,,,,1,,1,,1,,,,1,1,,,,,1,,,1,,,,,,,,,,,,,,,,,,,,,,,,,,,,,,,,,,,,,,,,1,1,,,,,,,,,,,,,,,,,,,1,,1,,,,,,,,1,,,,,,,,,,,,,,,,,,,,,,,,,,,,,,,,,1,,1,,,,,,,,,,,,,,,,,,,,,,,,,,1,1,,,,,,
101,,,1,,,,,,,,,,,,,,,,,,1,1,,,,,,1,1,,,,,,,,,,,,,,,,,,,,,1,,,,,,,,,,,,,,,,,,,,,,,,,,,,1,,,,,,,,,,1,1,1,1,1,,,,1,1,,,,,,,,1,,,,,,,,,,,,,,,,,,,,,,,,,,,,,,,,,,,,,,1,1,,,,,,,,,,,,,,,,,,,,,,1,,1,,,,,,,1,,,,,,,,,,,,,,,,,,,,,,,,,,,,,,,,,,,1,,,,,,,,,,,,,,1,1,,,,,,,,,,,1,1,,,,,,
102,,,1,,,,,,,,,,,,,,,,,,1,1,,,,,,1,1,,,,,,,,,,,,,,,,,,,,,1,,,,,,,,,,,,,,,,,,1,,,,,,,,,,1,,,,,,,,,,1,1,1,1,1,,,,1,1,,,,,1,,,1,,,,,,,,,,,,,,,,,,,,,,,,,,,,,,,,,,,,,,1,1,,,,,,,,,,,,,,,,,,,,,,1,,1,,,,,,,1,,,,,,,,,,,,,,,,,,,,,,,,,,,,,,,,,1,,1,,,,,,,,,,,,,,1,1,,,,,,,,,,,1,1,,,,,,
103,,,1,,,,,,,,,,,,,,,,,,1,1,,,,,,1,1,,,,,,,,,,,,,,,,,,,,,1,,,,,,,,,,,,,,,,,,,,,,,,,,,,1,,,,,,,,,,,,,,1,,,,1,1,,,,,,,,1,,,,,,,,,,,,,,,,,,,,,,,,,1,,,,1,1,,,,,,,1,,,,,,,,,,1,,,,1,1,,,,,,,1,,,,,,,,,,,1,,,,,,,,,,,,,,,,,,,,,,,,,,,,,,,,,,1,1,,,,,1,,,,,,,,,,,,1,,,,,,,,,,,,,,,,
104,,,1,,,,,,,,,,,,,,,,,,1,1,,,,,,1,1,,,,,,,,,,,,,,,,,,,,,1,,,,,,,,,,,,,,,,,,1,,,,,,,,,,1,,,,,,,,,,,,,,1,,,,1,1,,,,,1,,,1,,,,,,,,,,,,,,,,,,,,,,,,,1,,,,1,1,,,,,,,1,,,,,,,,,,1,,,,1,1,,,,,,,1,,,,,,,,,,,1,,,,,,,,,,,,,,,,,,,,,,,,,,,,,,,,,1,1,1,,,,,1,,,,,,,,,,,,1,,,,,,,,,,,,,,,,
105,,,1,,,,,,,,,1,,,1,,,,,,1,1,1,,,1,,1,1,1,,1,1,,,,,,,1,1,,,,1,,,1,,1,,1,,,1,,,,,,,1,,,,,,,,,,1,,,,,1,1,,,,1,,,,,,,,,,1,,,,1,1,,,,,,,,1,,,,,,,,,,,,,,,,,1,,,,,,,,1,,,,,1,,,,,,,,,,,,,,,,,1,,,,,1,,,,,,,,,,,,,1,,,1,,1,,,,,,,,,,,,,,,,,,,,,,1,,,,,,,,,,,,1,1,,1,,1,1,,1,1,,,,,1,,,,,,,,,,,,,,,,1,,,1,
106,,,1,,,,,,,,,1,,,1,,,,,,1,1,1,,,1,,1,1,1,,1,1,,,,,,,1,1,,,,1,,,1,,1,,1,,,1,,,,,,,1,,,,,,1,,,,1,,,,,1,1,,,,1,,,,,,,,,,1,,,,1,1,,,,,1,,,1,,,,,,,,,,,,,,,,,1,,,,,,,,1,,,,,1,,,,,,,,,,,,,,,,,1,,,,,1,,,,,,,,,,,,,1,,,1,,1,,,,,,,,,,,,,,,,,,,,,,1,,,,,,,,,,,1,1,1,,1,,1,1,,1,1,,,,,1,,,,,,,,,,,,,,,,1,,,1,
107,,,1,,,,,,,,,1,,,1,,1,,,,1,1,1,,,1,,1,1,1,,1,1,,,,,,,1,1,,,,1,,,1,,1,,1,,,1,,,,,,,1,,,,,,1,,,,1,,,,,1,1,,,,1,,,,,,,,,,1,,,,1,1,,,,,,,,1,,,,,,,,,,,,,,,,,1,,,,,,,,1,,,,,1,,,,,,,,,,,,,,,,,1,,,,,1,,,,,,,,,,,,,1,,,1,,1,,,,,,,,,,,,,,,,,,,,,,1,,,,,,,,,,,,1,1,,1,,1,1,,1,1,,,,,1,,,,,,,,,,,,,,,,1,,,1,
108,,,1,,,,,,,,,,,,,,,,,,1,1,,,,,,1,1,,,,,,,,,,,,,,,,,,,,,1,,,,,,,,,,,,,,,,,,,,,,,,,,,,1,,,,,,,,,,,,,,1,,,,1,1,,,,,,,,1,,,,,,,,,,,,,,,,,,,,,,,,,1,,1,,,1,,1,,,,,,,,,,,,,,,1,,1,,,1,,1,,,,,,,,,,,,,,,,1,,,,,,,,,,,,,,,,,,,,,,,,,,,,,,,,,,1,1,,,,,1,,,,,,,,,,,1,,,,,,,,,,,,,,,,,
109,,,1,,,,,,,,,,,,,,,,,,1,1,,,,,,1,1,,,,,,,,,,,,,,,,,,,,,1,,,,,,,,,,,,,,,,,,1,,,,,,,,,,1,,,,,,,,,,,,,,1,,,,1,1,,,,,1,,,1,,,,,,,,,,,,,,,,,,,,,,,,,1,,1,,,1,,1,,,,,,,,,,,,,,,1,,1,,,1,,1,,,,,,,,,,,,,,,,1,,,,,,,,,,,,,,,,,,,,,,,,,,,,,,,,,1,1,1,,,,,1,,,,,,,,,,,1,,,,,,,,,,,,,,,,,
110,,,1,,,,,,,,,1,,,,,,,,,1,1,1,,,,,1,1,1,,1,,,,,,,,1,,,,,1,,,,,1,,1,,,,,,,,,,,,,,,,,,,,1,,,,,,1,,,,1,,,,,,,,,,1,,,,1,1,,,,,,,,1,,,,,,,,,,,,,,,,,,,,,,,,,1,,1,,,1,,1,,,,,,,,,,,,,,,1,,1,,,1,,1,,,,,,,,,,,1,,,,,1,,,,,,,,,,,,,,,,,,,,,,1,,,,,,,,,,,,1,1,,,,,1,,1,,,,,,1,,,1,,,,,,,,,,,,,1,,,,
111,,,1,,,,,,,,,1,,,,,,,,,1,1,1,,,,,1,1,1,,1,,,,,,,,1,,,,,1,,,,,1,,1,,,,,,,,,,,,,,,,1,,,,1,,,,,,1,,,,1,,,,,,,,,,1,,,,1,1,,,,,1,,,1,,,,,,,,,,,,,,,,,,,,,,,,,1,,1,,,1,,1,,,,,,,,,,,,,,,1,,1,,,1,,1,,,,,,,,,,,1,,,,,1,,,,,,,,,,,,,,,,,,,,,,1,,,,,,,,,,,1,1,1,,,,,1,,1,,,,,,1,,,1,,,,,,,,,,,,,1,,,,
112,,,1,,,,,,,,,1,,,1,,,,,1,1,1,1,,,1,,1,1,1,,1,1,,,,,,,1,1,,,,1,,,1,,1,,1,,,1,,,,,,,1,,,,,,,,,,1,,,,,1,1,,,,1,,,,,,,,,,1,,,,1,1,,,,,,,1,1,,,,,,,,,,,,,,,,,1,,,,,,,,1,,,1,,1,,,,,,1,,,,,,,,,,,1,,,1,,1,,,,,,1,,,,,,,1,,,1,,1,,,,,,,,,,,,,,,,,,,,,,1,,,1,,,,,,,,,1,1,,1,,1,1,,1,1,,,,,1,,,,,,,,,,,,,,,,1,,,1,
113,,1,1,,,,,,,,,,,,,,,,,,1,1,,,,,,1,1,,,,,,,,,,,,,,,,,,,,,1,,,,,,,,,,,,,,,,,,,,,,,,,,,,1,,,,,1,1,,1,,,,,,1,,,,1,1,,,,,,,,1,,,,,,,,,,,,,,,,,,,,,,,,,1,,,,,1,,,,,,,,,,,,,,,,,1,,,,,1,,,,,,,,,,,,,,,,,,1,,,,,,,,,,,,,,,,,,,,1,1,,,,,,,,1,,,,,1,1,,,,,1,,,,,,,1,,,,,,1,,,,,,,,,,,,,,,
114,,1,1,,,,,,,,,1,,,,,,,,,1,1,1,,,,,1,1,1,,1,,,,,,,,1,,,,,1,,,,,1,,1,,,,,,,,,,,,,,,,,,,,1,,,,,,1,,,,1,1,1,,1,,,,,,1,,,,1,1,,,,,,,,1,,,,,,,,,,,,,,,,,,,,,,,,,1,,,,,1,,,,,,,,,,,,,,,,,1,,,,,1,,,,,,,,,,,,,1,,,,,1,,,,,,,,,,,,,,,,,,,,1,1,1,,,,,,,1,,,,,1,1,,,,,1,,1,,,,,1,1,,,,,1,,,,,,,,,,,1,,,,
115,,1,1,,,,,,,,,,,,,,,,,,1,1,,,,,,1,1,,,,,,,,,,,,,,,,,,,,,1,,,,,,,,,,,,,,,,,,1,,,,,,,,,,1,,,,,1,1,,1,,,,,,1,,,,1,1,,,,,1,,,1,,,,,,,,,,,,,,,,,,,,,,,,,1,,,,,1,,,,,,,,,,,,,,,,,1,,,,,1,,,,,,,,,,,,,,,,,,1,,,,,,,,,,,,,,,,,,,,1,1,,,,,,,,1,,,,1,1,1,,,,,1,,,,,,,1,,,,,,1,,,,,,,,,,,,,,,
116,,1,1,,,,,,,,,1,,,,,,,,,1,1,1,,,,,1,1,1,,1,,,,,,,,1,,,,,1,,,,,1,,1,,,,,,,,,,,,,,,,1,,,,1,,,,,,1,,,,1,1,1,,1,,,,,,1,,,,1,1,,,,,1,,,1,,,,,,,,,,,,,,,,,,,,,,,,,1,,,,,1,,,,,,,,,,,,,,,,,1,,,,,1,,,,,,,,,,,,,1,,,,,1,,,,,,,,,,,,,,,,,,,,1,1,1,,,,,,,1,,,,1,1,1,,,,,1,,1,,,,,1,1,,,,,1,,,,,,,,,,,1,,,,
117,,,1,,,,,,,,,,,,,,,,,,1,1,,,,,,1,1,,,,,,,,,,,,,,,,,,,,,1,,,,,,,,,,,,,,,,,,1,,,,,,,,,,1,,,,,,,,,,,,,,1,,,,1,1,,,,,1,,,1,,,,,,,,,,,,,,,,,,,,,,,,,1,,,,,1,,,,,,,,,,,,,,,,,1,,,,,1,,,,,,,,,,,,,,,,,,1,,,,,,,,,,,,,,,,,,,,,,,,,,,,,,,,,1,1,1,,,,,1,,,,,,,,,,,,,,,,,,,,,,,,,,,,
118,,,1,,,,,,,,,1,,,,,,,,,1,1,1,,,,,1,1,1,,1,,,,,,,,1,,,,,1,,,,,1,,1,,,,,,,,,,,,,,,,1,,,,1,,,,,,1,,,,1,,,,,,,,,,1,,,,1,1,,,,,1,,,1,,,,,,,,,,,,,,,,,,,,,,,,,1,,,,,1,,,,,,,,,,,,,,,,,1,,,,,1,,,,,,,,,,,,,1,,,,,1,,,,,,,,,,,,,,,,,,,,,,1,,,,,,,,,,,1,1,1,,,,,1,,1,,,,,,1,,,,,,,,,,,,,,,,1,,,,
119,,,1,,,,,,,,,,,,,,,,,1,1,1,,,,,,1,1,,,,,,,,,,,,,,,,,,,,,1,,,,,,,,,,,,,,,,,,1,,,,,,,,,,1,,,,,,,,,,,,,,1,,,,1,1,,,,,,,1,1,,,,,,,,,,,,,,,,,,,,,,,,,1,,,1,,1,,,,,,1,,,,,,,,,,,1,,,1,,1,,,,,,1,,,,,,,,,,,,1,,,,,,,,,,,,,,,,,,,,,,,,,1,,,,,,,,1,1,1,,,,,1,,,,,,,,,,,,,,,,,,,,,,,,,,,,
120,,,1,,,,,,,,,1,,,,,,,,1,1,1,1,,,,,1,1,1,,1,,,,,,,,1,,,,,1,,,,,1,,1,,,,,,,,,,,,,,,,1,,,,1,,,,,,1,,,,1,,,,,,,,,,1,,,,1,1,,,,,,,1,1,,,,,,,,,,,,,,,,,,,,,,,,,1,,,1,,1,,,,,,1,,,,,,,,,,,1,,,1,,1,,,,,,1,,,,,,,1,,,,,1,,,,,,,,,,,,,,,,,,,,,,1,,,1,,,,,,,,1,1,1,,,,,1,,1,,,,,,1,,,,,,,,,,,,,,,,1,,,,
121,,,1,,,,,,,,,,,,,,,,,1,1,1,,,,,,1,1,,,,,,,,,,,,,,,,,,,,,1,,,,,,,,,,,,,,,,,,1,,,,,,,,,,1,1,,,,,,,,,,,,,1,,,,1,1,,,,,,,1,1,,,,,,,,,,,,,,,,,,,,,,,,,1,,,1,,1,,,,,,1,,,,,,,,,,,1,,,1,,1,,,,,,1,,,,,,,,,,,,1,,,,,,,,1,1,1,1,1,1,,,1,1,1,1,,,,,,1,,,,,,,,1,1,1,,,,,1,,,,,,,,,,,,,,,,,,,,,,,,,,,,
122,,,1,,,,,,,,,1,,,,,,,,1,1,1,1,,,,,1,1,1,,1,,,,,,,,1,,,,,1,,,,,1,,1,,,,,,,,,,,,,,,,1,,,,1,,,,,,1,1,,,1,,,,,,,,,,1,,,,1,1,,,,,,,1,1,,,,,,,,,,,,,,,,,,,,,,,,,1,,,1,,1,,,,,,1,,,,,,,,,,,1,,,1,,1,,,,,,1,,,,,,,1,,,,,1,,,,,,,,1,1,1,1,1,1,,,1,1,1,1,,,1,,,1,,,,,,,,1,1,1,,,,,1,,1,,,,,,1,,,,,,,,,,,,,,,,1,,,,
123,,,1,,,,,,,,,1,,,1,,,,,1,1,1,1,,,1,,1,1,1,,1,1,,,,,,,1,1,,,,1,,,1,,1,,1,,,1,,,,,,,1,,,,,,1,,,,1,,,,,1,1,1,,,1,,,,,,,,,,1,,,,1,1,,,,,,,1,1,,,,,,,,,,,,,,,,,1,,,1,,,,,1,,,1,,1,,,,,,1,,,,,,1,,,,,1,,,1,,1,,,,,,1,,,,,,,1,,,1,,1,,,,,,,,1,1,1,1,1,1,,,1,1,1,1,,,1,,,1,,,,,,,,1,1,1,,1,,1,1,,1,1,,,,,1,,,,,,,,,,,,,,,,1,,,1,
124,,,1,,,,,,,,1,,,,,,,,,,1,1,,,,,,1,1,,,,,,,,,,,,,,,,,,,,,1,,,,,,,,,,,,,,,,,,,,,,,,,,,,1,,,,,,,,,,,,,,1,1,,,1,1,,,,,,,,1,,,,,,,,,,1,1,1,1,1,1,1,,,,,,,,,1,,,,,1,,,,,,,,,,,,,,,,,1,,,,,1,,,,,,,,,,,,1,,,,,,1,,,,,1,,,,,,,,,,,,,,,,,,,,,,,,,,1,,,1,1,,,,,1,,,,,,,,,,,,,,,1,1,1,1,1,1,,,,,,,,
125,,,1,,,,,,,,1,,,,,,,,,,1,1,,,,,,1,1,,,,,,,,,,,,,,,,,,,,,1,,,,,,,,,,,,,,,,,,1,,,,,,,,,,1,,,,,,,,,,,,,,1,1,,,1,1,,,,,1,,,1,,,,,,,,,,1,1,1,1,1,1,1,,,,,,,,,1,,,,,1,,,,,,,,,,,,,,,,,1,,,,,1,,,,,,,,,,,,1,,,,,,1,,,,,1,,,,,,,,,,,,,,,,,,,,,,,,,,1,,1,1,1,,,,,1,,,,,,,,,,,,,,,1,1,1,1,1,1,,,,,,,,
126,,,1,,,,,,,,1,1,,,,,,,,,1,1,1,,,,,1,1,1,,1,,,,,,,,1,,,,,1,,,,,1,,1,,,,,,,,,,,,,,,,,,,,1,,,,,,1,,,,1,,,,,,,,,,1,1,,,1,1,,,,,,,,1,,,,,,,,,,1,1,1,1,1,1,1,,,,,,,,,1,,,,,1,,,,,,,,,,,,,,,,,1,,,,,1,,,,,,,,,,,,1,1,,,,,1,,,,,1,,,,,,,,,,,,,,,,,1,,,,,,,,,1,,,1,1,,,,,1,,1,,,,,,1,,,,,,,1,1,1,1,1,1,,,,1,,,,
127,,,1,,,,,,,,1,1,,,,,,,,,1,1,1,,,,,1,1,1,,1,,,,,,,,1,,,,,1,,,,,1,,1,,,,,,,,,,,,,,,,1,,,,1,,,,,,1,,,,1,,,,,,,,,,1,1,,,1,1,,,,,1,,,1,,,,,,,,,,1,1,1,1,1,1,1,,,,,,,,,1,,,,,1,,,,,,,,,,,,,,,,,1,,,,,1,,,,,,,,,,,,1,1,,,,,1,,,,,1,,,,,,,,,,,,,,,,,1,,,,,,,,,1,,1,1,1,,,,,1,,1,,,,,,1,,,,,,,1,1,1,1,1,1,,,,1,,,,
128,,,1,,,,,,,,,,,,1,,,,,,1,1,,,,1,,1,1,,,,1,,,,,,,,1,,,,,,,1,,1,,,,,1,,,,,,,1,,,,,,,,,,,,,,,1,1,,,,,,,,,,,,,,1,,,,1,1,,,,,,,,1,,,,,,,,,,,,,,,,,1,,,1,,,,,1,,,,,1,,,,,,,,,,,,1,,,,,1,,,,,1,,,,,,,,,,,,,,,,1,,1,,,,,,,,,,,,,,,,,,,,,,,,,,,,,,,,,,1,1,,1,,1,1,,,1,,,,,,,,,,,,,,,,,,,,,,,,1,
129,,,1,,,,,,,,,,,,1,,,,,,1,1,,,,1,,1,1,,,,1,,,,,,,,1,,,,,,,1,,1,,,,,1,,,,,,,1,,,,,,1,,,,,,,,,1,1,,,,,,,,,,,,,,1,,,,1,1,,,,,1,,,1,,,,,,,,,,,,,,,,,1,,,1,,,,,1,,,,,1,,,,,,,,,,,,1,,,,,1,,,,,1,,,,,,,,,,,,,,,,1,,1,,,,,,,,,,,,,,,,,,,,,,,,,,,,,,,,,1,1,1,,1,,1,1,,,1,,,,,,,,,,,,,,,,,,,,,,,,1,
130,,,1,,,,,,,,,,,,1,,1,,,,1,1,,,,1,,1,1,,,,1,,,,,,,,1,,,,,,,1,,1,,,,,1,,,,,,,1,,,,,,1,,,,,,,,,1,1,,,,,,,,,,,,,,1,,,,1,1,,,,,,,,1,,,,,,,,,,,,,,,,,1,,,1,,,,,1,,,,,1,,,,,,,,,,,,1,,,,,1,,,,,1,,,,,,,,,,,,,,,,1,,1,,,,,,,,,,,,,,,,,,,,,,,,,,,,,,,,,,1,1,,1,,1,1,,,1,,,,,,,,,,,,,,,,,,,,,,,,1,
131,,,1,,,,,,,,,,,,1,,,,,1,1,1,,,,1,,1,1,,,,1,,,,,,,,1,,,,,,,1,,1,,,,,1,,,,,,,1,,,,,,,,,,,,,,,1,1,,,,,,,,,,,,,,1,,,,1,1,,,,,,,1,1,,,,,,,,,,,,,,,,,1,,,1,,,,,1,,,1,,1,,,,,,1,,,,,,1,,,,,1,,,1,,1,,,,,,1,,,,,,,,,,1,,1,,,,,,,,,,,,,,,,,,,,,,,,,1,,,,,,,,,1,1,,1,,1,1,,,1,,,,,,,,,,,,,,,,,,,,,,,,1,
132,,,1,,,,,,,,,,,,1,,,,,,1,1,,,,1,,1,1,,,,1,,,,,,,,1,,,,,,,1,,1,,,,,1,,,,,,,1,,,,,,,,,,,,,,,1,1,,,,,,,,,,,,,,1,,,,1,1,,,,,,,,1,,,1,,,,,,,,,,,,,,1,,,1,,,,,1,,,,,1,,,,,,,,,,,,1,,,,,1,,,,,1,,,,,,,,,,,,,,,,1,,1,,,,,,,,,,,,,,,,,,,,,,,,,,1,,,,,,,,1,1,,1,,1,1,,,1,,,,,,,,,,,,,,,,,,,,,,,,1,
133,,,1,,,,,,,,,,,,1,,,,,,1,1,,,,1,,1,1,,,,1,,1,1,,,,,1,,,,,,,1,,1,,,,,1,,,,,,,1,,,,,,,,,,,,,,,1,1,,,,,,,,,,,,,,1,,,,1,1,,,,,,,,1,,,1,,,,,,,,,,,,,,1,,,1,,,,,1,,,,,1,,,,,,,,,,,,1,,,,,1,,,,,1,,,,,,,,,,,,,,,,1,,1,,,,,,,,,,,,,,,,,,,,,,,,,,1,,,,,,,,1,1,1,1,,1,1,,,1,,,,,,,,,,,,,,,,,,,,,,,,1,
134,,,1,,,,,,,,,1,,,1,,,,,,1,1,1,,,1,,1,1,1,,1,1,,,,,,,1,1,,,,1,,,1,,1,,1,,,1,,,,,,,1,,,,,,,,,,1,,,,,1,1,,,,1,,,,,,,,,,1,,,,1,1,,,,,,,,1,,,1,,,,,,,,,,,,,,1,,,1,,,,,1,,,,,1,,,,,,,,,,,,1,,,,,1,,,,,1,,,,,,,,,,,,,1,,,1,,1,,,,,,,,,,,,,,,,,,,,,,1,,,,1,,,,,,,,1,1,,1,,1,1,,1,1,,,,,1,,,,,,,,,,,,,,,,1,,,1,
135,,,1,,,,,,,,,1,,,1,,,,,,1,1,1,,,1,,1,1,1,,1,1,,1,1,,,,1,1,,,,1,,,1,,1,,1,,,1,,,,,,,1,,,,,,,,,,1,,,,,1,1,,,,1,,,,,,,,,,1,,,,1,1,,,,,,,,1,,,1,,,,,,,,,,,,,,1,,,1,,,,,1,,,,,1,,,,,,,,,,,,1,,,,,1,,,,,1,,,,,,,,,,,,,1,,,1,,1,,,,,,,,,,,,,,,,,,,,,,1,,,,1,,,,,,,,1,1,1,1,,1,1,,1,1,,,,,1,,,,,,,,,,,,,,,,1,,,1,
136,,,1,,,,,,,,,,,,1,,,,,1,1,1,,,,1,,1,1,,,,1,,,,,,,,1,,,,,,,1,,1,,,,,1,,,,,,,1,,,,,,1,,,,,,,,,1,1,1,,,,,,,,,,,,,1,,,,1,1,,,,,,,1,1,,,,,,,,,,,,,,,,,1,,,1,,,,,1,,,1,,1,,,,,,1,,,,,,1,,,,,1,,,1,,1,,,,,,1,,,,,,,,,,1,,1,,,,,,,,1,1,1,1,1,1,,,1,1,1,1,,,,,,1,,,,,,,,1,1,1,,1,,1,1,,,1,,,,,,,,,,,,,,,,,,,,,,,,1,
137,,,1,,,,,,,,,,,1,,,1,,,,1,1,,,1,,,1,1,,,,,,,,,,,,,,,,,,1,,,1,,,,1,,,,,,,,,,,,,,1,,,,,,,,,,1,,,,,,,,,,,,,,1,,,,1,1,,,,,,,,1,,,,,,,,,,,,,,,,,,,,,,,,,1,,,,,1,,,,,,,,,,,,,,,,,1,,,,,1,,,,,,,,,,,,,,,1,,,1,,,,,,,,,,,,,,,,,,,,,,,,,,,,,,,,,,1,1,,,,,1,,,,,,,,,,,,,,,,,,,,,,,,,,1,,
138,,,1,,,,,,,,,1,,1,,,1,,,,1,1,1,,1,,,1,1,1,,1,,,,,,,,1,,,,,1,,1,,,1,,1,,1,,,,,,,,,,,,,,1,,,,1,,,,,,1,,,,1,,,,,,,,,,1,,,,1,1,,,,,,,,1,,,,,,,,,,,,,,,,,,,,,,,,,1,,,,,1,,,,,,,,,,,,,,,,,1,,,,,1,,,,,,,,,,,,,1,,1,,,1,,,,,,,,,,,,,,,,,,,,,,1,,,,,,,,,,,,1,1,,,,,1,,1,,,,,,1,,,,,,,,,,,,,,,,1,,1,,
139,,,1,,,,,,,,,,,1,,,,,,,1,1,,,1,,,1,1,,,,,,,,,,,,,,,,,,1,,,1,,,,1,,,,,,,,,,,,,,,,,,,,,,,,1,,,,,,,,,,,,,,1,,,,1,1,,,,,,,,1,,,,,,,,,,,,,,,,,,,,,,,,,1,,,,1,1,,,,,,,1,,,,,,,,,,1,,,,1,1,,,,,,,1,,,,,,,,1,,,1,,,,,,,,,,,,,,,,,,,,,,,,,,,,,,,,,,1,1,,,,,1,,,,,,,,,,,,1,,,,,,,,,,,,,,1,,
140,,,1,,,,,,,,,,,1,,,,,,,1,1,,,1,,,1,1,,,,,,,,,,,,,,,,,,1,,,1,,,,1,,,,,,,,,,,,,,1,,,,,,,,,,1,,,,,,,,,,,,,,1,,,,1,1,,,,,1,,,1,,,,,,,,,,,,,,,,,,,,,,,,,1,,,,1,1,,,,,,,1,,,,,,,,,,1,,,,1,1,,,,,,,1,,,,,,,,1,,,1,,,,,,,,,,,,,,,,,,,,,,,,,,,,,,,,,1,1,1,,,,,1,,,,,,,,,,,,1,,,,,,,,,,,,,,1,,
141,,,1,,,,,,,,,,,1,,,,,,,1,1,,,1,,,1,1,,,,,,,,,,,,,,,,,,1,,,1,,,,1,,,,,,,,,,,,,,,,,,,,,,,,1,,,,,,,,,,1,,1,,1,,,,1,1,,,,,,,,1,,,,,,,,,,,,,,,,,,,,,,,,,,,,,,,,,,,,,,,,,,,,,,,,,,,,,,,,,,,,1,,1,,,,,1,,,1,,,,,,,,,,,,,,,,,,,,,,,,,,,,,,,,,,,1,,,,,,,,,,,,,,,,,,,,,,,,,,1,1,,,,1,,
142,,,1,,,,,,,,,,,1,,,,,,,1,1,,,1,,,1,1,,,,,,,,,,,,,,,,,,1,,,1,,,,1,,,,,,,,,,,,,,1,,,,,,,,,,1,,,,,,,,,,1,,1,,1,,,,1,1,,,,,1,,,1,,,,,,,,,,,,,,,,,,,,,,,,,,,,,,,,,,,,,,,,1,1,,,,,,,,,,,,,,,,,,,1,,1,,,,,1,,,1,,,,,,,,,,,,,,,,,,,,,,,,,,,,,,,,,1,,1,,,,,,,,,,,,,,,,,,,,,,,,,,1,1,,,,1,,
143,,,1,,,,,,,,,,,,,,,,,,1,1,,,,,,1,1,,,,,,,,,,,,,,,,,,,,,1,,,,,,,,,,,,,,,,,,1,,,,,,,,,,1,,,,,,,,,,,,,,1,,,,1,1,,,,,1,,,1,,,,,,1,,,,,,,,,,,,,,,,,,,1,,,,,1,,,1,,1,,,,,,,,,,,,1,,,,,1,,,1,,1,,,,,,,,,,,,,1,,,,,,,,,,,,,,1,,,,,,,,,,,,,1,1,,,,,1,1,1,,,,,1,,,,,,,,,,,,,,,,,,,,,,,,,,,,
144,,,1,,,,,,,,,1,,,,,,,,,1,1,1,,,,,1,1,1,,1,,,,,,,,1,,,,,1,,,,,1,,1,,,,,,,,,,,,,,,,,,,,1,,,,,,1,,,,1,,,,,,,,,,1,,,,1,1,,,,,,,,1,,,,,,,,,,,,,,,,,,,,,,,,,1,,,,1,1,,,,,,,1,,,,,,,,,,1,,,,1,1,,,,,,,1,,,,,,1,,,,,1,,,,,,,,,,,,,,,,,,,,,,1,,,,,,,,,,,,1,1,,,,,1,,1,,,,,,1,,,,1,,,,,,,,,,,,1,,,,
145,,,1,,,,,,,,,1,,,,,,,,,1,1,1,,,,,1,1,1,,1,,,,,,,,1,,,,,1,,,,,1,,1,,,,,,,,,,,,,,,,1,,,,1,,,,,,1,,,,1,,,,,,,,,,1,,,,1,1,,,,,1,,,1,,,,,,,,,,,,,,,,,,,,,,,,,1,,,,1,1,,,,,,,1,,,,,,,,,,1,,,,1,1,,,,,,,1,,,,,,1,,,,,1,,,,,,,,,,,,,,,,,,,,,,1,,,,,,,,,,,1,1,1,,,,,1,,1,,,,,,1,,,,1,,,,,,,,,,,,1,,,,
146,,,1,,,,,,,,,,,,,1,,,,,1,1,,,,,1,1,1,,1,,,1,,,,1,,,,1,,,,,,,1,1,,,,,,1,,,,,1,,,,,,,,,1,,,,,,,,1,,,,,,,,,1,,,,,1,,,,1,1,,,,,,,,1,,,,,,,,,,,,,,,,,,,,,,,,,1,,,,,1,,,,,,,,,,,,,,,,,1,,,,,1,,,,,,,,,,,,,,,,,1,1,,,,,,,,,,,,,,,,,,,,,,,1,,,,,,,,,,,1,1,,,1,,1,,,,1,1,1,,,,,,,,1,,,,,,,,,,,,,,1
147,,,1,,,,,,,,,1,,,,1,,,,,1,1,1,,,,1,1,1,1,1,1,,1,,,,1,,1,,1,,,1,,,,1,1,,1,,,,1,,,,,1,,,,,,,,,1,,1,,,,,,1,,,,1,,,,,1,,,,,1,,,,1,1,,,,,,,,1,,,,,,,,,,,,,,,,,,,,,,,,,1,,,,,1,,,,,,,,,,,,,,,,,1,,,,,1,,,,,,,,,,,,,1,,,,1,1,,,,,,,,,,,,,,,,,,,,,,1,1,,,,,,,,,,,1,1,,,1,,1,,1,,1,1,1,,1,,,,,,1,,,,,,,,,,1,,,,1
148,,,1,,,,,,,,,,,,,1,,,,,1,1,,,,,1,1,1,,1,,,1,,,,1,,,,1,,,,,,,1,1,,,,,,1,,,,,1,,,,,,,1,,1,,,,,,,,1,,,,,,,,,1,,,,,1,,,,1,1,,,,,1,,,1,,,,,,,,,,,,,,,,,,,,,,,,,1,,,,,1,,,,,,,,,,,,,,,,,1,,,,,1,,,,,,,,,,,,,,,,,1,1,,,,,,,,,,,,,,,,,,,,,,,1,,,,,,,,,,1,1,1,,,1,,1,,,,1,1,1,,,,,,,,1,,,,,,,,,,,,,,1
149,,,1,,,,,,,,,1,,,,1,,,,,1,1,1,,,,1,1,1,1,1,1,,1,,,,1,,1,,1,,,1,,,,1,1,,1,,,,1,,,,,1,,,,,,,1,,1,,1,,,,,,1,,,,1,,,,,1,,,,,1,,,,1,1,,,,,1,,,1,,,,,,,,,,,,,,,,,,,,,,,,,1,,,,,1,,,,,,,,,,,,,,,,,1,,,,,1,,,,,,,,,,,,,1,,,,1,1,,,,,,,,,,,,,,,,,,,,,,1,1,,,,,,,,,,1,1,1,,,1,,1,,1,,1,1,1,,1,,,,,,1,,,,,,,,,,1,,,,1
150,,,1,,,,,,,,,,,,,1,1,,,,1,1,,,,,1,1,1,,1,,,1,,,,1,,,,1,,,,,,,1,1,,,,,,1,,,,,1,,,,,,,1,,1,,,,,,,,1,,,,,,,,,1,,,,,1,,,,1,1,,,,,,,,1,,,,,,,,,,,,,,,,,,,,,,,,,1,,,,,1,,,,,,,,,,,,,,,,,1,,,,,1,,,,,,,,,,,,,,,,,1,1,,,,,,,,,,,,,,,,,,,,,,,1,,,,,,,,,,,1,1,,,1,,1,,,,1,1,1,,,,,,,,1,,,,,,,,,,,,,,1
151,,,1,,,,,,,,,1,,,,1,1,,,,1,1,1,,,,1,1,1,1,1,1,,1,,,,1,,1,,1,,,1,,,,1,1,,1,,,,1,,,,,1,,,,,,,1,,1,,1,,,,,,1,,,,1,,,,,1,,,,,1,,,,1,1,,,,,,,,1,,,,,,,,,,,,,,,,,,,,,,,,,1,,,,,1,,,,,,,,,,,,,,,,,1,,,,,1,,,,,,,,,,,,,1,,,,1,1,,,,,,,,,,,,,,,,,,,,,,1,1,,,,,,,,,,,1,1,,,1,,1,,1,,1,1,1,,1,,,,,,1,,,,,,,,,,1,,,,1
152,,,,,,,,,,,,,,,,,,,,,,,,,,,,,,,,,,,,,,,,,,,,,,,,,,,,,,,,,,,,,,,,,,,,,,,,,,,,,,1,,,,,,,,,,,,,,1,,,,,,,,,,,,,1,,,,,,,,,,,,,,,,,,,,,,,,,,,,,,,,,,,,,,,,,,,,,,,,,,,,,,,,,,,,,,,,,,,,,,1,,,,,,,,,,,,,,,,,,,,,,,,,,,,,,,,,,,,,,,,,,,,,,,,,,,,,,,,,,,,,,,,,,,,
153,,,,,,,,,,,,,,,,,,,,,,,,,,,,,,,,,,,,,,,,,,,,,,,,,,,,,,,,,,,,,,,,,,,,,,,,,,,,,,1,,,,,,,,,,,,,,1,,,,,,,,,,,,,1,,,,,,,,,,,,,,,,,,,,,,,,,,,,,,,,,,,,,,,,,,,,,,,,,,,,,,,,,,,,,,,,,,,,,,1,,,,,,,,,,,,,,,,,,,,,,,,,,,,,,,,,,,,,,,,,,,,,,,,,,,,,,,,,,,,,,,,,,,,
154,,,,,,,,,,,,,,,,,,,,,,,,,,,,,,,,,,,,,,,,,,,,,,,,,,,,,,,,,,,,,,,,,,,,,,,,,,,,,,1,,,,,,,,,,,,,,1,,,,,,,,,,,,,1,,,,,,,,,,,,,,,,,,,,,,,,,,,,,,,,,,,,,,,,,,,,,,,,,,,,,,,,,,,,,,,,,,,,,,1,,,,,,,,,,,,,,,,,,,,,,,,,,,,,,,,,,,,,,,,,,,,,,,,,,,,,,,,,,,,,,,,,,,,
155,,,,,,,,,,,,,,,,,,,,,,,,,,,,,,,,,,,,,,,,,,,,,,,,,,,,,,,,,,,,,,,,,,,,,,,,,,,,,,1,,,,,,,,,,,,,,1,,,,,,,,,,,,,1,,,,,,,,,,,,,,,,,,,,,,,,,,,,,,,,,,,,,,,,,,,,,,,,,,,,,,,,,,,,,,,,,,,,,,1,,,,,,,,,,,,,,,,,,,,,,,,,,,,,,,,,,,,,,,,,,,,,,,,,,,,,,,,,,,,,,,,,,,,
156,,,1,,,,,,,,1,1,,,,,,,,,1,1,1,,,,,1,1,1,,1,,,,,,,,1,,,,,1,,,,,1,,1,,,,,,,,,,,,,,,,,,,,1,,,,,,1,,,,1,,,,,,,,,,1,,,,1,1,,,,,,,,1,,,,,,,,,,,,,,,,,,,,,,,,,1,1,1,,,1,1,1,,,,,,,,,,,,,,,1,1,1,,,1,1,1,,,,,,,,,,,1,,,,,1,,,,,,,,,,,,,,,,,,,,,,1,,,,,,,,,,,,1,1,,,,,1,1,1,,,,,,1,,,1,,,,,,,,,,,,,1,,,,
157,,,1,,,,,,,,1,1,,,,,,,,,1,1,1,,,,,1,1,1,,1,,,,,,,,1,,,,,1,,,,,1,,1,,,,,,,,,,,,,,,,1,,,,1,,,,,,1,,,,1,,,,,,,,,,1,,,,1,1,,,,,1,,,1,,,,,,,,,,,,,,,,,,,,,,,,,1,1,1,,,1,1,1,,,,,,,,,,,,,,,1,1,1,,,1,1,1,,,,,,,,,,,1,,,,,1,,,,,,,,,,,,,,,,,,,,,,1,,,,,,,,,,,1,1,1,,,,,1,1,1,,,,,,1,,,1,,,,,,,,,,,,,1,,,,
158,,,1,,,,,,,,1,1,,,,,,,,,1,1,1,,,,,1,1,1,,1,,,,,,,,1,,,,,1,,,,,1,,1,,,,,,,,,,,,,,,,,,,,1,,,,,,1,,,,1,,,,,,,,,,1,,,,1,1,,,,,,,,1,,,,,,,,,,,,,,,,,,,,,,,,,1,1,1,,,1,1,1,,,,,,,,,,,,,,,1,1,1,,,1,1,1,,,,,,,,,,,1,,,,,1,,,,,1,,,,,,,,,,,,,,,,,1,,,,,,,,,,,,1,1,,,,,1,1,1,,,,,,1,,,1,,,,,,,,,,,,,1,,,,
159,,,1,,,,,,,,1,1,,,,,,,,,1,1,1,,,,,1,1,1,,1,,,,,,,,1,,,,,1,,,,,1,,1,,,,,,,,,,,,,,,,1,,,,1,,,,,,1,,,,1,,,,,,,,,,1,,,,1,1,,,,,1,,,1,,,,,,,,,,,,,,,,,,,,,,,,,1,1,1,,,1,1,1,,,,,,,,,,,,,,,1,1,1,,,1,1,1,,,,,,,,,,,1,,,,,1,,,,,1,,,,,,,,,,,,,,,,,1,,,,,,,,,,,1,1,1,,,,,1,1,1,,,,,,1,,,1,,,,,,,,,,,,,1,,,,
160,,,1,,,,,,,,,,,,,,1,,,,1,1,,,,,,1,1,,,,,,,,,,,,,,,,,,,,,1,,,,,,,,,,,,,,,,,,1,,,,,,,,,,1,,,,,,,,,,,,,,1,,,,1,1,,,,,,,,1,,,,,,,,,,,,,,,,,,,,,,,,,1,,,,1,1,,,,,,,1,,,,,,,,,,1,,,,1,1,,,,,,,1,,,,,,,,,,,1,,,,,,,,,,,,,,,,,,,,,,,,,,,,,,,,,,1,1,,,,,1,,,,,,,,,,,,1,,,,,,,,,,,,,,,,
161,,,1,,,,,,,,,1,,,,,1,,,,1,1,1,,,,,1,1,1,,1,,,,,,,,1,,,,,1,,,,,1,,1,,,,,,,,,,,,,,,,1,,,,1,,,,,,1,,,,1,,,,,,,,,,1,,,,1,1,,,,,,,,1,,,,,,,,,,,,,,,,,,,,,,,,,1,,,,1,1,,,,,,,1,,,,,,,,,,1,,,,1,1,,,,,,,1,,,,,,1,,,,,1,,,,,,,,,,,,,,,,,,,,,,1,,,,,,,,,,,,1,1,,,,,1,,1,,,,,,1,,,,1,,,,,,,,,,,,1,,,,
162,,,1,,,,,,,,,,,,,,,,,1,1,1,,,,,,1,1,,,,,,,,,,,,,,,,,,,,,1,,,,,,,,,,,,,,,,,,1,,,,,,,,,,1,,,,,,,,,,,,,,1,,,,1,1,,,,,,,1,1,,,,,,,,,,,,,,,,,,,,,,,,,1,,,1,1,1,,,,,,1,1,,,,,,,,,,1,,,1,1,1,,,,,,1,1,,,,,,,,,,,1,,,,,,,,,,,,,,,,,,,,,,,,,1,,,,,,,,1,1,1,,,,,1,,,,,,,,,,,,1,,,,,,,,,,,,,,,,
163,,,1,,,,,,,,,1,,,,,,,,1,1,1,1,,,,,1,1,1,,1,,,,,,,,1,,,,,1,,,,,1,,1,,,,,,,,,,,,,,,,1,,,,1,,,,,,1,,,,1,,,,,,,,,,1,,,,1,1,,,,,,,1,1,,,,,,,,,,,,,,,,,,,,,,,,,1,,,1,1,1,,,,,,1,1,,,,,,,,,,1,,,1,1,1,,,,,,1,1,,,,,,1,,,,,1,,,,,,,,,,,,,,,,,,,,,,1,,,1,,,,,,,,1,1,1,,,,,1,,1,,,,,,1,,,,1,,,,,,,,,,,,1,,,,
164,,,1,,,,,,,,,,,,,,,,,,1,1,,,,,,1,1,,,,,,,,,,,,,,,,,,,,,1,,,,,,,,,,,,,,,,,,,,,,,,,,,,1,,,,,,,,,,,,,,1,,,,1,1,,,,,,,,1,,,1,,,,,,,,,,,,,,,,,,,,,,1,,,,1,1,,,,,,,1,,,,,,,,,,1,,,,1,1,,,,,,,1,,,,,,,,,,,1,,,,,,,,,,,,,,,,,,,,,,,,,,1,,,,,,,,1,1,,,,,1,,,,,,,,,,,,1,,,,,,,,,,,,,,,,
165,,,1,,,,,,,,,1,,,,,,,,,1,1,1,,,,,1,1,1,,1,,,,,,,,1,,,,,1,,,,,1,,1,,,,,,,,,,,,,,,,,,,,1,,,,,,1,,,,1,,,,,,,,,,1,,,,1,1,,,,,,,,1,,,1,,,,,,,,,,,,,,,,,,,,,,1,,,,1,1,,,,,,,1,,,,,,,,,,1,,,,1,1,,,,,,,1,,,,,,1,,,,,1,,,,,,,,,,,,,,,,,,,,,,1,,,,1,,,,,,,,1,1,,,,,1,,1,,,,,,1,,,,1,,,,,,,,,,,,1,,,,
166,,,1,,,,,,,,1,,,,,,1,,,,1,1,,,,,,1,1,,,,,,,,,,,,,,,,,,,,,1,,,,,,,,,,,,,,,,,,1,,,,,,,,,,1,,,,,,,,,,,,,,1,,,,1,1,,,,,,,,1,,,,,,,,,,,,,,,,,,,,,,,,,1,,,,,1,,,,,,,,,,,,,,,,,1,,,,,1,,,,,,,,,,,,,,,,,,1,,,,,,,,,,,,,,,,,,,,,,,,,,,,,,,,,,1,1,,,,,1,,,,,,,,,,,,,,,,,,,,,,,,,,,,
167,,,1,,,,,,,,1,1,,,,,1,,,,1,1,1,,,,,1,1,1,,1,,,,,,,,1,,,,,1,,,,,1,,1,,,,,,,,,,,,,,,,1,,,,1,,,,,,1,,,,1,,,,,,,,,,1,,,,1,1,,,,,,,,1,,,,,,,,,,,,,,,,,,,,,,,,,1,,,,,1,,,,,,,,,,,,,,,,,1,,,,,1,,,,,,,,,,,,,1,,,,,1,,,,,,,,,,,,,,,,,,,,,,1,,,,,,,,,,,,1,1,,,,,1,,1,,,,,,1,,,,,,,,,,,,,,,,1,,,,
168,,,1,,,,,,,,1,,,,,,1,,,,1,1,,,,,,1,1,,,,,,,,,,,,,,,,,,,,,1,,,,,,,,,,,,,,,,,,1,,,,,,,,,,1,,,,,,,,,,,,,,1,,,,1,1,,,,,,,,1,,,,,,,,,,,,,,,,,,,,,,,,,1,1,,,,1,1,,,,,,,,,,,,,,,,1,1,,,,1,1,,,,,,,,,,,,,,,,,1,,,,,,,,,,,,,,,,,,,,,,,,,,,,,,,,,,1,1,,,,,1,1,,,,,,,,,,,,,,,,,,,,,,,,,,,
169,,,1,,,,,,,,1,,,,,,1,,,,1,1,,,,,,1,1,,,,,,,,,,,,,,,,,,,,,1,,,,,,,,,,,,,,,,,,1,,,,,,,,,,1,,,,,,,,,,,,,,1,,,,1,1,,,,,,,,1,,,,,,,,,,,,,,,,,,,,,,,,,1,1,1,,,1,1,1,,,,,,,,,,,,,,,1,1,1,,,1,1,1,,,,,,,,,,,,,,,,1,,,,,,,,,,,,,,,,,,,,,,,,,,,,,,,,,,1,1,,,,,1,1,,,,,,,,,,1,,,,,,,,,,,,,,,,,
170,,,1,,,,,,,,1,,,,,,1,,,,1,1,,,,,,1,1,,,,,,,,,,,,,,,,,,,,,1,,,,,,,,,,,,,,,,,,1,,,,,,,,,,1,,,,,,,,,,,,,,1,,,,1,1,,,,,,,,1,,,,,,,,,,,,,,,,,,,,,,,,,1,,,,,1,,,,,,,,,,,,,,,,,1,,,,,1,,,,,,,,,,,,,,,,,,1,,,,,1,,,,,,,,,,,,,,,,,,,,,,,,,,,,,1,1,,,,,1,,,,,,,,,,,,,,,,,,,,,,,,,,,,
171,,,1,,,,,,,,1,1,,,,,1,,,,1,1,1,,,,,1,1,1,,1,,,,,,,,1,,,,,1,,,,,1,,1,,,,,,,,,,,,,,,,1,,,,1,,,,,,1,,,,1,,,,,,,,,,1,,,,1,1,,,,,,,,1,,,,,,,,,,,,,,,,,,,,,,,,,1,,,,,1,,,,,,,,,,,,,,,,,1,,,,,1,,,,,,,,,,,,,1,,,,,1,,,,,1,,,,,,,,,,,,,,,,,1,,,,,,,,,,,,1,1,,,,,1,,1,,,,,,1,,,,,,,,,,,,,,,,1,,,,
172,,,1,,,,,,,,1,,,,,,1,,,,1,1,,,,,,1,1,,,,,,,,,,,,,,,,,,,,,1,,,,,,,,,,,,,,,,,,1,,,,,,,,,,1,,,,,,,,,,,,,,1,,,,1,1,,,,,,,,1,,,,,,,,,,,,,,,,,,,,,,,,,1,1,1,,,1,1,1,,,,,,,,,,,,,,,1,1,1,,,1,1,1,,,,,,,,,,,,,,,,1,,,,,1,,,,,,,,,,,,,,,,,,,,,,,,,,,,,1,1,,,,,1,1,,,,,,,,,,1,,,,,,,,,,,,,,,,,
173,,,1,,,,,,,,1,1,,,,,1,,,,1,1,1,,,,,1,1,1,,1,,,,,,,,1,,,,,1,,,,,1,,1,,,,,,,,,,,,,,,,1,,,,1,,,,,,1,,,,1,,,,,,,,,,1,,,,1,1,,,,,,,,1,,,,,,,,,,,,,,,,,,,,,,,,,1,1,,,,1,1,,,,,,,,,,,,,,,,1,1,,,,1,1,,,,,,,,,,,,1,,,,,1,,,,,1,,,,,,,,,,,,,,,,,1,,,,,,,,,,,,1,1,,,,,1,1,1,,,,,,1,,,,,,,,,,,,,,,,1,,,,
174,,,1,,,,,,,,1,1,,,,,1,,,,1,1,1,,,,,1,1,1,,1,,,,,,,,1,,,,,1,,,,,1,,1,,,,,,,,,,,,,,,,1,,,,1,,,,,,1,,,,1,,,,,,,,,,1,,,,1,1,,,,,,,,1,,,,,,,,,,,,,,,,,,,,,,,,,1,1,,,,1,1,,,,,,,,,,,,,,,,1,1,,,,1,1,,,,,,,,,,,,1,,,,,1,,,,,,,,,,,,,,,,,,,,,,1,,,,,,,,,,,,1,1,,,,,1,1,1,,,,,,1,,,,,,,,,,,,,,,,1,,,,
175,,,1,,,,,,,,1,1,,,,,1,,,,1,1,1,,,,,1,1,1,,1,,,,,,,,1,,,,,1,,,,,1,,1,,,,,,,,,,,,,,,,1,,,,1,,,,,,1,,,,1,,,,,,,,,,1,,,,1,1,,,,,,,,1,,,,,,,,,,,,,,,,,,,,,,,,,1,1,1,,,1,1,1,,,,,,,,,,,,,,,1,1,1,,,1,1,1,,,,,,,,,,,1,,,,,1,,,,,,,,,,,,,,,,,,,,,,1,,,,,,,,,,,,1,1,,,,,1,1,1,,,,,,1,,,1,,,,,,,,,,,,,1,,,,
176,,,1,,,,,,,,1,1,,,,,1,,,,1,1,1,,,,,1,1,1,,1,,,,,,,,1,,,,,1,,,,,1,,1,,,,,,,,,,,,,,,,1,,,,1,,,,,,1,,,,1,,,,,,,,,,1,,,,1,1,,,,,,,,1,,,,,,,,,,,,,,,,,,,,,,,,,1,1,1,,,1,1,1,,,,,,,,,,,,,,,1,1,1,,,1,1,1,,,,,,,,,,,1,,,,,1,,,,,1,,,,,,,,,,,,,,,,,1,,,,,,,,,,,,1,1,,,,,1,1,1,,,,,,1,,,1,,,,,,,,,,,,,1,,,,
177,,,1,,,,,,,,1,,,,,,,,,,1,1,,,,,,1,1,,,,,,,,,,,,,,,,,,,,,1,,,,,,,,,,,,,,,,,,,,,,,,,,,,1,,,,,,,,,,,,,,1,,,,1,1,,,,,,,,1,,,1,,,,,,,,,,,,,,,,,,,,,,1,,,,,1,,,,,,,,,,,,,,,,,1,,,,,1,,,,,,,,,,,,,,,,,,1,,,,,,,,,,,,,,,,,,,,,,,,,,1,,,,,,,,1,1,,,,,1,,,,,,,,,,,,,,,,,,,,,,,,,,,,
178,,,1,,,,,,,,1,1,,,,,,,,,1,1,1,,,,,1,1,1,,1,,,,,,,,1,,,,,1,,,,,1,,1,,,,,,,,,,,,,,,,,,,,1,,,,,,1,,,,1,,,,,,,,,,1,,,,1,1,,,,,,,,1,,,1,,,,,,,,,,,,,,,,,,,,,,1,,,,,1,,,,,,,,,,,,,,,,,1,,,,,1,,,,,,,,,,,,,1,,,,,1,,,,,,,,,,,,,,,,,,,,,,1,,,,1,,,,,,,,1,1,,,,,1,,1,,,,,,1,,,,,,,,,,,,,,,,1,,,,
179,,,1,,,,,,,,1,,,,,,,,,,1,1,,,,,,1,1,,,,,,,,,,,,,,,,,,,,,1,,,,,,,,,,,,,,,,,,,,,,,,,,,,1,,,,,,,,,,,,,,1,,,,1,1,,,,,,,,1,,,1,,,,,,,,,,,,,,,,,,,,,,1,1,,,,1,1,,,,,,,,,,,,,,,,1,1,,,,1,1,,,,,,,,,,,,,,,,,1,,,,,,,,,,,,,,,,,,,,,,,,,,1,,,,,,,,1,1,,,,,1,1,,,,,,,,,,,,,,,,,,,,,,,,,,,
180,,,1,,,,,,,,1,,,,,,,,,,1,1,,,,,,1,1,,,,,,,,,,,,,,,,,,,,,1,,,,,,,,,,,,,,,,,,,,,,,,,,,,1,,,,,,,,,,,,,,1,,,,1,1,,,,,,,,1,,,1,,,,,,,,,,,,,,,,,,,,,,1,1,1,,,1,1,1,,,,,,,,,,,,,,,1,1,1,,,1,1,1,,,,,,,,,,,,,,,,1,,,,,,,,,,,,,,,,,,,,,,,,,,1,,,,,,,,1,1,,,,,1,1,,,,,,,,,,1,,,,,,,,,,,,,,,,,
181,,,1,,,,,,,,1,,,,,,,,,,1,1,,,,,,1,1,,,,,,,,,,,,,,,,,,,,,1,,,,,,,,,,,,,,,,,,,,,,,,,,,,1,,,,,,,,,,,,,,1,,,,1,1,,,,,,,,1,,,1,,,,,,,,,,,,,,,,,,,,,,1,,,,,1,,,,,,,,,,,,,,,,,1,,,,,1,,,,,,,,,,,,,,,,,,1,,,,,1,,,,,,,,,,,,,,,,,,,,,1,,,,,,,,1,1,,,,,1,,,,,,,,,,,,,,,,,,,,,,,,,,,,
182,,,1,,,,,,,,1,1,,,,,,,,,1,1,1,,,,,1,1,1,,1,,,,,,,,1,,,,,1,,,,,1,,1,,,,,,,,,,,,,,,,,,,,1,,,,,,1,,,,1,,,,,,,,,,1,,,,1,1,,,,,,,,1,,,1,,,,,,,,,,,,,,,,,,,,,,1,,,,,1,,,,,,,,,,,,,,,,,1,,,,,1,,,,,,,,,,,,,1,,,,,1,,,,,1,,,,,,,,,,,,,,,,,1,,,,1,,,,,,,,1,1,,,,,1,,1,,,,,,1,,,,,,,,,,,,,,,,1,,,,
183,,,1,,,,,,,,1,,,,,,,,,,1,1,,,,,,1,1,,,,,,,,,,,,,,,,,,,,,1,,,,,,,,,,,,,,,,,,,,,,,,,,,,1,,,,,,,,,,,,,,1,,,,1,1,,,,,,,,1,,,1,,,,,,,,,,,,,,,,,,,,,,1,1,1,,,1,1,1,,,,,,,,,,,,,,,1,1,1,,,1,1,1,,,,,,,,,,,,,,,,1,,,,,1,,,,,,,,,,,,,,,,,,,,,1,,,,,,,,1,1,,,,,1,1,,,,,,,,,,1,,,,,,,,,,,,,,,,,
184,,,1,,,,,,,,1,1,,,,,,,,,1,1,1,,,,,1,1,1,,1,,,,,,,,1,,,,,1,,,,,1,,1,,,,,,,,,,,,,,,,,,,,1,,,,,,1,,,,1,,,,,,,,,,1,,,,1,1,,,,,,,,1,,,1,,,,,,,,,,,,,,,,,,,,,,1,1,,,,1,1,,,,,,,,,,,,,,,,1,1,,,,1,1,,,,,,,,,,,,1,,,,,1,,,,,1,,,,,,,,,,,,,,,,,1,,,,1,,,,,,,,1,1,,,,,1,1,1,,,,,,1,,,,,,,,,,,,,,,,1,,,,
185,,,1,,,,,,,,1,1,,,,,,,,,1,1,1,,,,,1,1,1,,1,,,,,,,,1,,,,,1,,,,,1,,1,,,,,,,,,,,,,,,,,,,,1,,,,,,1,,,,1,,,,,,,,,,1,,,,1,1,,,,,,,,1,,,1,,,,,,,,,,,,,,,,,,,,,,1,1,,,,1,1,,,,,,,,,,,,,,,,1,1,,,,1,1,,,,,,,,,,,,1,,,,,1,,,,,,,,,,,,,,,,,,,,,,1,,,,1,,,,,,,,1,1,,,,,1,1,1,,,,,,1,,,,,,,,,,,,,,,,1,,,,
186,,,1,,,,,,,,1,1,,,,,,,,,1,1,1,,,,,1,1,1,,1,,,,,,,,1,,,,,1,,,,,1,,1,,,,,,,,,,,,,,,,,,,,1,,,,,,1,,,,1,,,,,,,,,,1,,,,1,1,,,,,,,,1,,,1,,,,,,,,,,,,,,,,,,,,,,1,1,1,,,1,1,1,,,,,,,,,,,,,,,1,1,1,,,1,1,1,,,,,,,,,,,1,,,,,1,,,,,,,,,,,,,,,,,,,,,,1,,,,1,,,,,,,,1,1,,,,,1,1,1,,,,,,1,,,1,,,,,,,,,,,,,1,,,,
187,,,1,,,,,,,,1,1,,,,,,,,,1,1,1,,,,,1,1,1,,1,,,,,,,,1,,,,,1,,,,,1,,1,,,,,,,,,,,,,,,,,,,,1,,,,,,1,,,,1,,,,,,,,,,1,,,,1,1,,,,,,,,1,,,1,,,,,,,,,,,,,,,,,,,,,,1,1,1,,,1,1,1,,,,,,,,,,,,,,,1,1,1,,,1,1,1,,,,,,,,,,,1,,,,,1,,,,,1,,,,,,,,,,,,,,,,,1,,,,1,,,,,,,,1,1,,,,,1,1,1,,,,,,1,,,1,,,,,,,,,,,,,1,,,,
188,,,1,,,,,,,,1,,,,,,,,,1,1,1,,,,,,1,1,,,,,,,,,,,,,,,,,,,,,1,,,,,,,,,,,,,,,,,,1,,,,,,,,,,1,,,,,,,,,,,,,,1,,,,1,1,,,,,,,1,1,,,,,,,,,,,,,,,,,,,,,,,,,1,,,1,,1,,,,,,1,,,,,,,,,,,1,,,1,,1,,,,,,1,,,,,,,,,,,,1,,,,,,,,,,,,,,,,,,,,,,,,,1,,,,,,,,1,1,1,,,,,1,,,,,,,,,,,,,,,,,,,,,,,,,,,,
189,,,1,,,,,,,,1,1,,,,,,,,1,1,1,1,,,,,1,1,1,,1,,,,,,,,1,,,,,1,,,,,1,,1,,,,,,,,,,,,,,,,1,,,,1,,,,,,1,,,,1,,,,,,,,,,1,,,,1,1,,,,,,,1,1,,,,,,,,,,,,,,,,,,,,,,,,,1,,,1,,1,,,,,,1,,,,,,,,,,,1,,,1,,1,,,,,,1,,,,,,,1,,,,,1,,,,,,,,,,,,,,,,,,,,,,1,,,1,,,,,,,,1,1,1,,,,,1,,1,,,,,,1,,,,,,,,,,,,,,,,1,,,,
190,,,1,,,,,,,,1,,,,,,,,,1,1,1,,,,,,1,1,,,,,,,,,,,,,,,,,,,,,1,,,,,,,,,,,,,,,,,,1,,,,,,,,,,1,,,,,,,,,,,,,,1,,,,1,1,,,,,,,1,1,,,,,,,,,,,,,,,,,,,,,,,,,1,1,,1,,1,1,,,,,1,,,,,,,,,,,1,1,,1,,1,1,,,,,1,,,,,,,,,,,,1,,,,,,,,,,,,,,,,,,,,,,,,,1,,,,,,,,1,1,1,,,,,1,1,,,,,,,,,,,,,,,,,,,,,,,,,,,
191,,,1,,,,,,,,1,,,,,,,,,1,1,1,,,,,,1,1,,,,,,,,,,,,,,,,,,,,,1,,,,,,,,,,,,,,,,,,1,,,,,,,,,,1,,,,,,,,,,,,,,1,,,,1,1,,,,,,,1,1,,,,,,,,,,,,,,,,,,,,,,,,,1,1,1,1,,1,1,1,,,,1,,,,,,,,,,,1,1,1,1,,1,1,1,,,,1,,,,,,,,,,,,1,,,,,,,,,,,,,,,,,,,,,,,,,1,,,,,,,,1,1,1,,,,,1,1,,,,,,,,,,1,,,,,,,,,,,,,,,,,
192,,,1,,,,,,,,1,,,,,,,,,1,1,1,,,,,,1,1,,,,,,,,,,,,,,,,,,,,,1,,,,,,,,,,,,,,,,,,1,,,,,,,,,,1,,,,,,,,,,,,,,1,,,,1,1,,,,,,,1,1,,,,,,,,,,,,,,,,,,,,,,,,,1,,,1,,1,,,,,,1,,,,,,,,,,,1,,,1,,1,,,,,,1,,,,,,,,,,,,1,,,,,1,,,,,,,,,,,,,,,,,,,,1,,,,,,,,1,1,1,,,,,1,,,,,,,,,,,,,,,,,,,,,,,,,,,,
193,,,1,,,,,,,,1,1,,,,,,,,1,1,1,1,,,,,1,1,1,,1,,,,,,,,1,,,,,1,,,,,1,,1,,,,,,,,,,,,,,,,1,,,,1,,,,,,1,,,,1,,,,,,,,,,1,,,,1,1,,,,,,,1,1,,,,,,,,,,,,,,,,,,,,,,,,,1,,,1,,1,,,,,,1,,,,,,,,,,,1,,,1,,1,,,,,,1,,,,,,,1,,,,,1,,,,,1,,,,,,,,,,,,,,,,,1,,,1,,,,,,,,1,1,1,,,,,1,,1,,,,,,1,,,,,,,,,,,,,,,,1,,,,
194,,,1,,,,,,,,1,,,,,,,,,1,1,1,,,,,,1,1,,,,,,,,,,,,,,,,,,,,,1,,,,,,,,,,,,,,,,,,1,,,,,,,,,,1,,,,,,,,,,,,,,1,,,,1,1,,,,,,,1,1,,,,,,,,,,,,,,,,,,,,,,,,,1,1,1,1,,1,1,1,,,,1,,,,,,,,,,,1,1,1,1,,1,1,1,,,,1,,,,,,,,,,,,1,,,,,1,,,,,,,,,,,,,,,,,,,,1,,,,,,,,1,1,1,,,,,1,1,,,,,,,,,,1,,,,,,,,,,,,,,,,,
195,,,1,,,,,,,,1,1,,,,,,,,1,1,1,1,,,,,1,1,1,,1,,,,,,,,1,,,,,1,,,,,1,,1,,,,,,,,,,,,,,,,1,,,,1,,,,,,1,,,,1,,,,,,,,,,1,,,,1,1,,,,,,,1,1,,,,,,,,,,,,,,,,,,,,,,,,,1,1,,1,,1,1,,,,,1,,,,,,,,,,,1,1,,1,,1,1,,,,,1,,,,,,,1,,,,,1,,,,,1,,,,,,,,,,,,,,,,,1,,,1,,,,,,,,1,1,1,,,,,1,1,1,,,,,,1,,,,,,,,,,,,,,,,1,,,,
196,,,1,,,,,,,,1,1,,,,,,,,1,1,1,1,,,,,1,1,1,,1,,,,,,,,1,,,,,1,,,,,1,,1,,,,,,,,,,,,,,,,1,,,,1,,,,,,1,,,,1,,,,,,,,,,1,,,,1,1,,,,,,,1,1,,,,,,,,,,,,,,,,,,,,,,,,,1,1,,1,,1,1,,,,,1,,,,,,,,,,,1,1,,1,,1,1,,,,,1,,,,,,,1,,,,,1,,,,,,,,,,,,,,,,,,,,,,1,,,1,,,,,,,,1,1,1,,,,,1,1,1,,,,,,1,,,,,,,,,,,,,,,,1,,,,
197,,,1,,,,,,,,1,1,,,,,,,,1,1,1,1,,,,,1,1,1,,1,,,,,,,,1,,,,,1,,,,,1,,1,,,,,,,,,,,,,,,,1,,,,1,,,,,,1,,,,1,,,,,,,,,,1,,,,1,1,,,,,,,1,1,,,,,,,,,,,,,,,,,,,,,,,,,1,1,1,1,,1,1,1,,,,1,,,,,,,,,,,1,1,1,1,,1,1,1,,,,1,,,,,,,1,,,,,1,,,,,,,,,,,,,,,,,,,,,,1,,,1,,,,,,,,1,1,1,,,,,1,1,1,,,,,,1,,,1,,,,,,,,,,,,,1,,,,
198,,,1,,,,,,,,1,1,,,,,,,,1,1,1,1,,,,,1,1,1,,1,,,,,,,,1,,,,,1,,,,,1,,1,,,,,,,,,,,,,,,,1,,,,1,,,,,,1,,,,1,,,,,,,,,,1,,,,1,1,,,,,,,1,1,,,,,,,,,,,,,,,,,,,,,,,,,1,1,1,1,,1,1,1,,,,1,,,,,,,,,,,1,1,1,1,,1,1,1,,,,1,,,,,,,1,,,,,1,,,,,1,,,,,,,,,,,,,,,,,1,,,1,,,,,,,,1,1,1,,,,,1,1,1,,,,,,1,,,1,,,,,,,,,,,,,1,,,,
199,,,1,,,,,,,,,,,,,,1,,,,1,1,,,,,,1,1,,,,,,1,1,,,,,,,,,,,,,,1,,,,,,,,,,,,,,,,,,1,,,,,,,,,,1,,,,,,,,,,,,,,1,,,,1,1,,,,,,,,1,,,,,,,,,,,,,,,,,,,,,,,,,1,,,,,1,,,,,,,,,,,,,,,,,1,,,,,1,,,,,,,,,,,,,,,,,,1,,,,,,,,,,,,,,,,,,,,,,,,,,,,,,,,,,1,1,1,,,,1,,,,,,,,,,,,,,,,,,,,,,,,,,,,
200,,,1,,,,,,,,,1,,,,,1,,,,1,1,1,,,,,1,1,1,,1,,,1,1,,,,1,,,,,1,,,,,1,,1,,,,,,,,,,,,,,,,1,,,,1,,,,,,1,,,,1,,,,,,,,,,1,,,,1,1,,,,,,,,1,,,,,,,,,,,,,,,,,,,,,,,,,1,,,,,1,,,,,,,,,,,,,,,,,1,,,,,1,,,,,,,,,,,,,1,,,,,1,,,,,,,,,,,,,,,,,,,,,,1,,,,,,,,,,,,1,1,1,,,,1,,1,,,,,,1,,,,,,,,,,,,,,,,1,,,,
201,,,1,,,,,,,,,,,,,,,,,1,1,1,,,,,,1,1,,,,,,1,1,,,,,,,,,,,,,,1,,,,,,,,,,,,,,,,,,1,,,,,,,,,,1,,,,,,,,,,,,,,1,,,,1,1,,,,,,,1,1,,,,,,,,,,,,,,,,,,,,,,,,,1,,,1,,1,,,,,,1,,,,,,,,,,,1,,,1,,1,,,,,,1,,,,,,,,,,,,1,,,,,,,,,,,,,,,,,,,,,,,,,1,,,,,,,,1,1,1,1,,,,1,,,,,,,,,,,,,,,,,,,,,,,,,,,,
202,,,1,,,,,,,,,1,,,,,,,,1,1,1,1,,,,,1,1,1,,1,,,1,1,,,,1,,,,,1,,,,,1,,1,,,,,,,,,,,,,,,,1,,,,1,,,,,,1,,,,1,,,,,,,,,,1,,,,1,1,,,,,,,1,1,,,,,,,,,,,,,,,,,,,,,,,,,1,,,1,,1,,,,,,1,,,,,,,,,,,1,,,1,,1,,,,,,1,,,,,,,1,,,,,1,,,,,,,,,,,,,,,,,,,,,,1,,,1,,,,,,,,1,1,1,1,,,,1,,1,,,,,,1,,,,,,,,,,,,,,,,1,,,,
203,,,,,1,,,,,,,,,,,,,,,,,,,,,,,,,,,,,,,,1,,,,,,,,,,,,,,,,,,,,1,,,,,,,,,,,,,,,,,,,,,1,,,,,,,,,,,,,,1,,1,,1,1,,,,,,1,,1,,,,,,,,,,,,,,,,,,1,1,,1,1,,,,,,,,,,,,,,,,,,,,,1,1,,,,,,,,,,,,,,,,,,,,,,,,,,1,,,,,,,,,,,,,,,,,,,,,,,,,,,,,,,,,,,1,,,,,,,,,,,,,,,,,,,,,,,,,,,,,,,,,
204,,,1,,1,,,,,,,,,,,,,,,,1,1,,,,,,1,1,,,,,,,,1,,,,,,,,,,,,,1,,,,,,,1,,,,,,,,,,,,,,,,,,,,,1,,,,,,,,,,,,,,1,,,,1,1,,,,,,1,,1,,,,,,,,,,,,,,,,,,1,1,,1,1,,,,,,,,,,,,,,,,,,,,,1,1,,,,,,,,,,,,,,,,,,,,,,,,,,1,,,,,,,,,,,,,,,,,,,,,,,,,,,,,,,,,,,1,,,,,,,,,,,,,,,,,,,,,,,,,,,,,,,,,
205,,,1,,1,,,,,,,,,,,,,,,,1,1,,,,,,1,1,,,,,,,,1,,,,,,,,,,,,,1,,,,,,,1,,,,,,,,,,,1,,,,,,,,,,1,,,,,,,,,,,,,,1,,,,1,1,,,,,1,1,,1,,,,,,,,,,,,,,,,,,1,1,,1,1,,,,,,,,,,,,,,,,,,,,,1,1,,,,,,,,,,,,,,,,,,,,,,,,,,1,,,,,,,,,,,,,,,,,,,,,,,,,,,,,,,,,1,,1,,,,,,,,,,,,,,,,,,,,,,,,,,,,,,,,,
206,,,1,,1,,,,,,,1,,,,,,,,,1,1,1,,,,,1,1,1,,1,,,,,1,,,1,,,,,1,,,,,1,,1,,,,,1,,,,,,,,,,,1,,,,1,,,,,,1,,,,1,,,,,,,,,,1,,,,1,1,,,,,1,1,,1,,,,,,,,,,,,,,,,,,1,1,,1,1,,,,,,,,,,,,,,,,,,,,,1,1,,,,,,,,,,,,,,,,,,,,,1,,,,,1,,,,,,,,,,,,,,,,,,,,,,1,,,,,,,,,,,1,,1,,,,,,,1,,,,,,1,,,,,,,,,,,,,,,,1,,,,
207,,,,,1,,,,,,,,,,,,,,,,,,,,,,,,,,,,,,,,1,,,,,,,,,,,,,,,,,,,,1,,,,,,,,,,,,,,,,,,,,,1,,,,,,,,,,,,,,1,,1,,1,1,,,,,,1,,1,,1,,,,,,,,,,,,,,,,1,1,,1,1,,,,,,,,,,,,,,,,,,,,,1,1,,,,,,,,,,,,,,,,,,,,,,,,,,1,,,,,,,,,,,,,,,,,,,,,,,,,,,,,,,,,,,1,,,,,,,,,,,,,,,,,,,,,,,,,,,,,,,,,
254,,,,,,,,,,,,,,,,,,,,,,,,,,,,,,,,,,,,,,,,,,,,,,,,,,,,,,,,,,,,,,,,1,,,,,,,,,,,,,,1,,,,,,,,,,,,,,1,,,,1,1,,,,,,,,1,,,,,,,,,,,,,,,,,,,,,,,,,,,,,,,,,,,,,,,,,,,,,,,,,,,,,,,,,,,,,,,,,,,,,,1,,,,,,,,,,,,,,,,,,,,,,,,,,,,,,,,,,,,,,,,,,,,,,,,,,,,,,,,,,,,,,,,,,,,
